Date,PriceMA_SmallMA_MediumMA_LargeMA_Slope
21/03/2003 18:00,895.3,0,0,0,0
24/03/2003 06:00,879.4,0,0,0,0
24/03/2003 10:00,877.9,0,0,0,0
24/03/2003 14:00,867.9,0,0,0,0
24/03/2003 18:00,864.4,0,0,0,0
25/03/2003 06:00,860.9,0,0,0,0
25/03/2003 10:00,864.4,0,0,0,0
25/03/2003 14:00,878.2,0,0,0,0
25/03/2003 18:00,874.2,0,0,0,0
26/03/2003 06:00,874.4,0,0,0,0
26/03/2003 10:00,873.4,0,0,0,0
26/03/2003 14:00,873.1,0,0,0,0
26/03/2003 18:00,869.6,0,0,0,0
27/03/2003 06:00,863.6,0,0,0,0
27/03/2003 10:00,861.4,0,0,0,0
27/03/2003 14:00,869.4,0,0,0,0
27/03/2003 18:00,868.9,0,0,0,0
28/03/2003 06:00,865.4,0,0,0,0
28/03/2003 10:00,863.6,0,0,0,0
28/03/2003 14:00,864.6,0,0,0,0
28/03/2003 18:00,863.9,0,0,0,0
31/03/2003 06:00,851.8,0,0,0,0
31/03/2003 10:00,851,0,0,0,0
31/03/2003 14:00,851.8,0,0,0,0
31/03/2003 18:00,845.5,0,0,0,0
01/04/2003 06:00,849.8,0,0,0,0
01/04/2003 10:00,852,0,0,0,0
01/04/2003 14:00,858.8,0,0,0,0
01/04/2003 18:00,858.8,0,0,0,0
02/04/2003 06:00,865.3,0,0,0,0
02/04/2003 10:00,871.8,0,0,0,0
02/04/2003 14:00,881.8,0,0,0,0
02/04/2003 18:00,879.3,0,0,0,0
03/04/2003 06:00,885.8,0,0,0,0
03/04/2003 10:00,887.8,0,0,0,0
03/04/2003 14:00,879.3,0,0,0,0
03/04/2003 18:00,874.8,0,0,0,0
04/04/2003 06:00,877,0,0,0,0
04/04/2003 10:00,883.3,0,0,0,0
04/04/2003 14:00,877.8,0,0,0,0
04/04/2003 18:00,879.8,0,0,0,0
07/04/2003 05:00,901.8,0,0,0,0
07/04/2003 09:00,900.5,0,0,0,0
07/04/2003 13:00,897,0,0,0,0
07/04/2003 17:00,877.7,0,0,0,0
08/04/2003 05:00,882,0,0,0,0
08/04/2003 09:00,882.5,0,0,0,0
08/04/2003 13:00,881.5,0,0,0,0
08/04/2003 17:00,879.4,0,0,0,0
09/04/2003 05:00,873.4,0,0,0,0
09/04/2003 09:00,878.2,0,0,0,0
09/04/2003 13:00,870.2,0,0,0,0
09/04/2003 17:00,867.7,0,0,0,0
10/04/2003 05:00,868.1,0,0,0,0
10/04/2003 09:00,869.4,0,0,0,0
10/04/2003 13:00,868.4,0,0,0,0
10/04/2003 17:00,873.1,0,0,0,0
11/04/2003 05:00,873.6,0,0,0,0
11/04/2003 09:00,880.9,0,0,0,0
11/04/2003 13:00,869.9,0,0,0,0
11/04/2003 17:00,869.6,0,0,0,0
14/04/2003 05:00,871.3,0,0,0,0
14/04/2003 09:00,872.6,0,0,0,0
14/04/2003 13:00,881.9,0,0,0,0
14/04/2003 17:00,886.6,0,0,0,0
15/04/2003 05:00,888.6,0,0,0,0
15/04/2003 09:00,887.3,0,0,0,0
15/04/2003 13:00,890.6,0,0,0,0
15/04/2003 17:00,894.6,0,0,0,0
16/04/2003 05:00,901.1,0,0,0,0
16/04/2003 09:00,898.8,0,0,0,0
16/04/2003 13:00,887.3,0,0,0,0
16/04/2003 17:00,880.1,0,0,0,0
17/04/2003 05:00,882.8,0,0,0,0
17/04/2003 09:00,881,0,0,0,0
17/04/2003 13:00,889.3,0,0,0,0
17/04/2003 17:00,893.1,0,0,0,0
21/04/2003 05:00,894.5,0,0,0,0
21/04/2003 09:00,893.5,0,0,0,0
21/04/2003 13:00,891.5,0,0,0,0
21/04/2003 17:00,894,0,0,0,0
22/04/2003 05:00,891.5,0,0,0,0
22/04/2003 09:00,889.5,0,0,0,0
22/04/2003 13:00,904.5,0,0,0,0
22/04/2003 17:00,911.5,0,0,0,0
23/04/2003 05:00,912.7,0,0,0,0
23/04/2003 09:00,912,0,0,0,0
23/04/2003 13:00,919.7,0,0,0,0
23/04/2003 17:00,919,0,0,0,0
24/04/2003 05:00,916,0,0,0,0
24/04/2003 09:00,913.2,0,0,0,0
24/04/2003 13:00,910.2,0,0,0,0
24/04/2003 17:00,910.7,0,0,0,0
25/04/2003 05:00,908.7,0,0,0,0
25/04/2003 09:00,911.2,0,0,0,0
25/04/2003 13:00,899.9,0,0,0,0
25/04/2003 17:00,899.2,0,0,0,0
28/04/2003 05:00,901.1,0,0,0,0
28/04/2003 09:00,902.6,0,0,0,0
28/04/2003 13:00,914.1,0,0,0,0
28/04/2003 17:00,914.6,907.09,907.065,901.107,0.453293
29/04/2003 05:00,917.4,907.23,908.095,901.633,0.480601
29/04/2003 09:00,917.6,907.95,909.39,902.637,0.499705
29/04/2003 13:00,914.9,908.64,910.795,903.887,0.517562
29/04/2003 17:00,917.9,909.26,911.315,904.957,0.527278
30/04/2003 05:00,916.6,909.93,911.635,906.187,0.536091
30/04/2003 09:00,915.1,911.6,911.83,907.097,0.541369
30/04/2003 13:00,917.4,913.19,911.985,907.83,0.547208
30/04/2003 17:00,916.9,914.82,911.87,908.593,0.562169
01/05/2003 05:00,914.4,916.25,911.765,909.373,0.573938
01/05/2003 09:00,913.9,916.28,911.685,910.137,0.58383
01/05/2003 13:00,905.8,916.21,911.72,910.8,0.59234
02/05/2003 05:00,916.8,915.05,911.5,911.277,0.595369
02/05/2003 09:00,915.3,914.97,911.805,912.187,0.60242
02/05/2003 13:00,926.1,915.01,912.135,912.547,0.604377
02/05/2003 17:00,928.3,915.83,912.88,913.033,0.610796
05/05/2003 05:00,932.5,917,914.3,913.553,0.622593
05/05/2003 09:00,932.8,918.74,915.965,914.237,0.635876
05/05/2003 13:00,929.8,920.28,917.55,914.673,0.646453
05/05/2003 17:00,927.3,921.57,918.91,915.033,0.653348
06/05/2003 05:00,928.3,922.86,919.57,915.41,0.658569
06/05/2003 09:00,927.5,924.3,920.255,915.913,0.663207
06/05/2003 13:00,936.5,926.47,920.76,916.49,0.659264
06/05/2003 17:00,935,928.44,921.705,917.35,0.659275
07/05/2003 05:00,932.5,930.41,922.71,918.227,0.657852
07/05/2003 09:00,932.3,931.05,923.44,918.937,0.650128
07/05/2003 13:00,934.3,931.45,924.225,920.017,0.643848
07/05/2003 17:00,930.3,931.63,925.185,921.187,0.639098
08/05/2003 05:00,927,931.38,925.83,922.16,0.635106
08/05/2003 09:00,923.5,931.1,926.335,922.973,0.628295
08/05/2003 13:00,921.7,930.72,926.79,923.287,0.622526
08/05/2003 17:00,921.5,930.06,927.18,923.523,0.618929
09/05/2003 05:00,921,929.46,927.965,923.66,0.620674
09/05/2003 09:00,924.2,927.91,928.175,923.773,0.620131
09/05/2003 13:00,932.7,926.83,928.62,924.083,0.624928
09/05/2003 17:00,933.2,926.85,928.95,924.577,0.635526
12/05/2003 05:00,932.4,926.94,929.195,925.13,0.64073
12/05/2003 09:00,931.4,926.75,929.19,925.707,0.642085
12/05/2003 13:00,944.4,926.86,929.12,926.173,0.643488
12/05/2003 17:00,944.9,928.6,929.85,927.09,0.655779
13/05/2003 05:00,941.2,930.74,930.73,928.107,0.664301
13/05/2003 09:00,940.9,932.69,931.375,929.017,0.671031
13/05/2003 13:00,946.7,934.63,932.045,930.187,0.690179
13/05/2003 17:00,943.9,937.2,932.555,931.183,0.711516
14/05/2003 05:00,943.6,939.17,933,932.137,0.728514
14/05/2003 09:00,946.9,940.26,933.555,932.72,0.733074
14/05/2003 13:00,939.1,941.63,934.285,933.34,0.74141
14/05/2003 17:00,941.4,942.3,934.525,933.56,0.744635
15/05/2003 05:00,938.9,943.3,935.08,933.847,0.747942
15/05/2003 09:00,944.9,942.75,935.675,934.15,0.747773
15/05/2003 13:00,942.6,942.75,936.745,934.737,0.746817
15/05/2003 17:00,947.1,942.89,937.79,935.213,0.746545
16/05/2003 05:00,947.4,943.51,939.07,935.867,0.743326
16/05/2003 09:00,943.6,943.58,940.39,936.23,0.737847
16/05/2003 13:00,944.9,943.55,941.36,936.517,0.729396
16/05/2003 17:00,944.4,943.68,941.97,936.93,0.7216
19/05/2003 05:00,936.3,943.43,942.53,937.333,0.711994
19/05/2003 09:00,938.6,943.15,942.725,937.4,0.699513
19/05/2003 13:00,924,942.87,943.085,937.677,0.687942
19/05/2003 17:00,922.3,941.38,942.065,937.577,0.671343
20/05/2003 05:00,922.8,939.12,940.935,937.537,0.64655
20/05/2003 09:00,924.5,937.14,940.015,937.573,0.621243
20/05/2003 13:00,923.5,934.88,939.195,937.673,0.597338
20/05/2003 17:00,920,932.49,938.035,937.757,0.572988
21/05/2003 05:00,918.3,930.13,936.84,937.617,0.551584
21/05/2003 09:00,916.5,927.47,935.575,937.137,0.531562
21/05/2003 13:00,923.3,924.68,934.055,936.58,0.511302
21/05/2003 17:00,922.5,923.38,933.265,936.277,0.493959
22/05/2003 05:00,925.3,921.77,932.32,935.98,0.477709
22/05/2003 09:00,925.3,921.9,931.64,935.343,0.465164
22/05/2003 13:00,931.3,922.2,930.66,934.69,0.456189
22/05/2003 17:00,931.3,923.05,930.095,934.36,0.449095
23/05/2003 05:00,931.5,923.73,929.305,934.04,0.43464
23/05/2003 09:00,930.5,924.53,928.51,933.533,0.415413
23/05/2003 13:00,934,925.58,927.855,933.087,0.396611
23/05/2003 17:00,933,927.15,927.31,932.767,0.378226
26/05/2003 05:00,934.4,928.8,926.74,932.303,0.36364
26/05/2003 09:00,934.7,929.91,926.645,932.147,0.351665
26/05/2003 13:00,935.4,931.13,926.45,931.923,0.34022
27/05/2003 05:00,928.7,932.14,927.02,931.807,0.328103
27/05/2003 09:00,927.7,932.48,927.34,931.267,0.310291
27/05/2003 13:00,945.4,932.12,927.585,930.77,0.292953
27/05/2003 17:00,949.7,933.53,928.63,930.713,0.284211
28/05/2003 05:00,954.9,935.35,929.94,930.79,0.276164
28/05/2003 09:00,953.9,937.79,931.685,931.167,0.279575
28/05/2003 13:00,954.7,939.78,933.465,931.467,0.286029
28/05/2003 17:00,952.1,941.95,935.375,931.81,0.293177
29/05/2003 05:00,954.9,943.72,936.815,932.337,0.297852
29/05/2003 09:00,955.4,945.74,938.435,932.88,0.308376
29/05/2003 13:00,955.6,947.74,939.94,933.927,0.31835
29/05/2003 17:00,949.4,950.43,941.455,935.037,0.326188
30/05/2003 05:00,953.4,952.6,942.36,935.923,0.328171
30/05/2003 09:00,953.4,953.4,943.465,936.887,0.330277
30/05/2003 13:00,962.4,953.77,944.56,937.883,0.332168
30/05/2003 17:00,965.4,954.52,946.155,939.297,0.337681
02/06/2003 05:00,968.6,955.67,947.725,940.867,0.345846
02/06/2003 09:00,971.3,957.06,949.505,942.603,0.348414
02/06/2003 13:00,976.1,958.98,951.35,944.203,0.351337
02/06/2003 17:00,968.8,961.1,953.42,945.99,0.357398
03/06/2003 05:00,965.6,962.44,955.09,947.44,0.359131
03/06/2003 09:00,967.8,963.44,956.935,948.783,0.365138
03/06/2003 13:00,968.3,965.28,958.94,950,0.372137
03/06/2003 17:00,972.5,966.77,960.085,951.233,0.380491
04/06/2003 05:00,973,968.68,961.225,952.6,0.390851
04/06/2003 09:00,972,969.74,962.13,954.017,0.399213
04/06/2003 13:00,980.8,970.4,963.035,955.283,0.408102
04/06/2003 17:00,986.8,971.62,964.34,956.877,0.420781
05/06/2003 05:00,982.8,973.17,966.075,958.623,0.435345
05/06/2003 09:00,980.8,973.84,967.47,960.227,0.448067
05/06/2003 13:00,987.8,975.04,968.74,961.74,0.458512
05/06/2003 17:00,991.5,977.26,970.35,963.71,0.470833
06/06/2003 05:00,993.8,979.63,972.455,965.837,0.484169
06/06/2003 09:00,999.3,982.18,974.475,967.45,0.493031
06/06/2003 13:00,991.5,984.86,976.77,969.103,0.51077
06/06/2003 17:00,988,986.71,978.225,970.323,0.521977
09/06/2003 05:00,990,988.31,979.355,971.46,0.536736
09/06/2003 09:00,981.7,989.23,980.425,972.637,0.553273
09/06/2003 13:00,977.7,988.72,980.945,973.623,0.566684
09/06/2003 17:00,977.7,988.21,981.025,974.383,0.577311
10/06/2003 05:00,979.9,987.9,981.47,975.127,0.58558
10/06/2003 09:00,980.9,987.11,982.185,975.937,0.593066
10/06/2003 13:00,981.9,986.05,982.84,976.987,0.601122
10/06/2003 17:00,987.2,984.86,983.52,977.937,0.608655
11/06/2003 05:00,987.9,983.65,984.255,979.063,0.624138
11/06/2003 09:00,986.7,983.29,985,979.913,0.63852
11/06/2003 13:00,989.4,983.16,985.735,980.623,0.650038
11/06/2003 17:00,997.4,983.1,986.165,981.317,0.662389
12/06/2003 05:00,1002.9,984.67,986.695,982.187,0.68002
12/06/2003 09:00,1003.4,987.19,987.7,983.08,0.697736
12/06/2003 13:00,998.9,989.76,988.83,984.233,0.712878
12/06/2003 17:00,1000.4,991.66,989.385,985.343,0.722308
13/06/2003 05:00,998.9,993.61,989.83,986.43,0.730634
13/06/2003 09:00,1001.4,995.31,990.085,987.45,0.737003
13/06/2003 13:00,988.1,996.73,990.19,988.413,0.743626
13/06/2003 17:00,989.9,996.75,990.02,988.917,0.743321
16/06/2003 05:00,987.1,997.07,990.115,989.513,0.748471
16/06/2003 09:00,993.6,996.84,989.97,989.723,0.751574
16/06/2003 13:00,1003.8,996.46,990.565,989.95,0.757407
16/06/2003 17:00,1010.8,996.55,991.87,990.65,0.767958
17/06/2003 05:00,1011.3,997.29,993.525,991.65,0.789678
17/06/2003 09:00,1016.1,998.53,995.095,992.433,0.811201
17/06/2003 13:00,1012.8,1000.1,996.855,993.253,0.832536
17/06/2003 17:00,1011,1001.49,998.4,993.887,0.85083
18/06/2003 05:00,1010.5,1002.45,999.59,994.277,0.870707
18/06/2003 09:00,1008,1004.69,1000.72,994.91,0.887818
18/06/2003 13:00,1011.8,1006.5,1001.78,995.577,0.902463
18/06/2003 17:00,1009.3,1008.97,1002.9,996.303,0.920593
19/06/2003 05:00,1010.5,1010.54,1003.5,997.223,0.931731
19/06/2003 09:00,1011.8,1011.21,1003.88,998.317,0.944134
19/06/2003 13:00,1000.3,1011.31,1004.3,999.453,0.954964
19/06/2003 17:00,995.3,1010.21,1004.37,1000.13,0.961725
20/06/2003 05:00,996.5,1008.13,1004.12,1000.61,0.963456
20/06/2003 09:00,1001.3,1006.5,1003.99,1001.1,0.967995
20/06/2003 13:00,1000.5,1005.53,1003.99,1001.57,0.974974
20/06/2003 17:00,993,1004.53,1004.61,1001.99,0.978528
23/06/2003 05:00,992.4,1003.03,1004.76,1002.2,0.977732
23/06/2003 09:00,992.2,1001.09,1005.03,1002.3,0.975699
23/06/2003 13:00,979.9,999.38,1004.96,1002.13,0.968062
23/06/2003 17:00,982.9,996.32,1003.76,1001.36,0.953841
24/06/2003 05:00,981.9,993.43,1002.37,1000.68,0.932058
24/06/2003 09:00,982.6,991.59,1000.9,1000.11,0.907944
24/06/2003 13:00,984.6,990.32,999.225,999.517,0.883834
24/06/2003 17:00,982.9,989.13,997.815,999.04,0.861224
25/06/2003 05:00,984.6,987.29,996.41,998.423,0.836277
25/06/2003 09:00,983.4,985.7,995.115,998.307,0.809506
25/06/2003 13:00,990.6,984.74,993.885,998.09,0.780217
25/06/2003 17:00,972.4,984.56,992.825,998.207,0.753332
26/06/2003 05:00,977.4,982.58,990.98,997.5,0.718868
26/06/2003 09:00,974.6,982.33,989.325,996.62,0.686299
26/06/2003 13:00,981.9,981.5,987.465,995.413,0.653106
26/06/2003 17:00,984.9,981.5,986.545,994.433,0.623657
27/06/2003 05:00,984.8,981.73,986.025,993.393,0.598948
27/06/2003 09:00,986.1,981.75,985.44,992.46,0.573536
27/06/2003 13:00,985.6,982.07,984.68,991.63,0.548376
27/06/2003 17:00,974.6,982.17,983.935,990.8,0.521657
30/06/2003 05:00,979,981.29,983.015,989.687,0.489863
30/06/2003 09:00,980,980.13,982.345,988.593,0.45959
30/06/2003 13:00,978.3,980.89,981.735,987.617,0.430208
30/06/2003 17:00,974.8,980.98,981.655,986.543,0.39945
01/07/2003 01:00,974,981,981.25,985.31,0.366514
01/07/2003 05:00,973.3,980.21,980.855,984.433,0.328569
01/07/2003 09:00,969.5,979.05,980.39,983.7,0.289059
01/07/2003 13:00,967.5,977.52,979.635,982.8,0.257471
01/07/2003 17:00,983.3,975.66,978.865,981.673,0.227012
01/07/2003 21:00,984,975.43,978.8,981.1,0.208877
02/07/2003 01:00,984.8,976.37,978.83,980.8,0.190211
02/07/2003 05:00,986.3,976.95,978.54,980.547,0.172143
02/07/2003 09:00,984.5,977.58,979.235,980.35,0.15303
02/07/2003 13:00,991,978.2,979.59,980.503,0.134134
02/07/2003 17:00,995,979.82,980.41,980.773,0.119048
02/07/2003 21:00,994.5,981.92,981.065,981.21,0.106031
03/07/2003 01:00,994,984.04,981.545,981.607,0.0884872
03/07/2003 05:00,993,986.49,982.005,981.92,0.0725293
03/07/2003 09:00,986.5,989.04,982.35,982.257,0.0554899
03/07/2003 13:00,986,989.36,982.395,982.32,0.0395686
03/07/2003 17:00,983.7,989.56,982.965,982.407,0.0248791
06/07/2003 21:00,986.9,989.45,983.2,982.177,0.0105155
07/07/2003 01:00,988.4,989.51,983.545,982.66,-0.000492049
07/07/2003 05:00,991.7,989.9,984.05,983.027,-0.00788659
07/07/2003 09:00,993.7,989.97,984.895,983.597,-0.0178926
07/07/2003 13:00,1002.9,989.84,985.88,983.99,-0.0289247
07/07/2003 17:00,1004.2,990.68,987.36,984.59,-0.0334953
07/07/2003 21:00,1003.4,991.7,989.095,985.237,-0.0374119
08/07/2003 01:00,1003.4,992.74,990.89,985.813,-0.0396892
08/07/2003 05:00,1005.2,994.43,991.895,986.407,-0.0420342
08/07/2003 09:00,1000.9,996.35,992.955,987.427,-0.0442808
08/07/2003 13:00,1004.7,998.07,993.76,988.157,-0.044147
08/07/2003 17:00,1008.2,999.85,994.68,988.98,-0.0383606
08/07/2003 21:00,1007.6,1001.83,995.865,989.977,-0.0331341
09/07/2003 01:00,1007.1,1003.42,996.695,991.07,-0.029781
09/07/2003 05:00,1005.4,1004.76,997.3,992.173,-0.0228041
09/07/2003 09:00,1005.9,1005.01,997.845,993.243,-0.0148263
09/07/2003 13:00,1001.4,1005.18,998.44,994.457,-0.00532433
09/07/2003 17:00,1000.1,1004.98,998.86,995.587,0.00469247
09/07/2003 21:00,1000.1,1004.65,999.54,996.147,0.00918452
10/07/2003 01:00,1000.6,1004.14,1000.25,996.683,0.0114521
10/07/2003 05:00,999.6,1004.11,1001.09,997.21,0.0150837
10/07/2003 09:00,995.6,1003.6,1001.72,997.653,0.0129637
10/07/2003 13:00,985.6,1002.34,1002.08,998.023,0.00582838
10/07/2003 17:00,989.8,1000.14,1001.78,997.843,-0.00746235
10/07/2003 21:00,988.3,998.41,1001.58,997.67,-0.0170195
11/07/2003 01:00,987.6,996.7,1000.85,997.463,-0.0269805
11/07/2003 05:00,992.6,994.87,1000.02,997.25,-0.0368401
11/07/2003 09:00,991.6,993.99,999.485,997.237,-0.0405857
11/07/2003 13:00,998.6,993.14,998.895,997.407,-0.0445659
11/07/2003 17:00,999.3,992.99,998.565,997.827,-0.0451593
13/07/2003 21:00,1000.8,992.86,998.485,998.347,-0.0438434
14/07/2003 01:00,1003.5,992.98,998.29,998.81,-0.0369067
14/07/2003 05:00,1002.5,993.77,998.055,999.313,-0.0250735
14/07/2003 09:00,1007,995.46,997.8,999.673,-0.0135386
14/07/2003 13:00,1012.5,997.18,997.795,1000.12,-0.0020468
14/07/2003 17:00,1004.5,999.6,998.15,1000.44,0.0135242
14/07/2003 21:00,1004.5,1001.29,998.08,1000.45,0.0232883
15/07/2003 01:00,1005,1002.48,998.235,1000.48,0.0345005
15/07/2003 05:00,1006.3,1003.82,998.48,1000.54,0.0379118
15/07/2003 09:00,1011.5,1004.59,998.79,1000.57,0.0429835
15/07/2003 13:00,1001.5,1005.81,999.335,1000.93,0.0492505
15/07/2003 17:00,1006.8,1005.88,999.43,1000.82,0.0532235
15/07/2003 21:00,1004.8,1006.21,999.99,1000.77,0.066432
16/07/2003 01:00,1004,1006.44,1000.95,1000.68,0.0826589
16/07/2003 05:00,1005,1006.14,1001.66,1000.58,0.0987855
16/07/2003 09:00,1005.8,1005.39,1002.49,1000.56,0.118503
16/07/2003 13:00,993,1005.52,1003.4,1000.56,0.136829
16/07/2003 17:00,994.5,1004.37,1003.42,1000.28,0.146544
16/07/2003 21:00,992.5,1003.32,1003.57,1000.09,0.157063
17/07/2003 01:00,990.7,1001.94,1003.26,999.84,0.165071
17/07/2003 05:00,988,999.86,1002.84,999.51,0.174498
17/07/2003 09:00,987.7,998.51,1002.19,999.123,0.18106
17/07/2003 13:00,979.5,996.6,1001.4,998.86,0.188426
17/07/2003 17:00,982.5,994.07,1000.25,998.657,0.191983
17/07/2003 21:00,981.7,991.92,999.03,998.413,0.190739
18/07/2003 01:00,981.2,989.59,997.49,998.193,0.186204
18/07/2003 05:00,983.2,987.13,996.325,997.98,0.182262
18/07/2003 09:00,984.7,986.15,995.26,997.667,0.182601
18/07/2003 13:00,987.2,985.17,994.245,997.437,0.183564
18/07/2003 17:00,991.9,984.64,993.29,997.057,0.181656
20/07/2003 21:00,990.6,984.76,992.31,996.81,0.182245
21/07/2003 01:00,991.4,985.02,991.765,996.47,0.181948
21/07/2003 05:00,989.9,985.39,990.995,996.067,0.17469
21/07/2003 09:00,990.4,986.43,990.25,995.647,0.168221
21/07/2003 13:00,979.1,987.22,989.57,995.093,0.16136
21/07/2003 17:00,979.4,986.96,988.275,993.98,0.148107
21/07/2003 21:00,979.6,986.78,986.955,993.143,0.136287
22/07/2003 01:00,979.9,986.42,986.285,992.313,0.123618
22/07/2003 05:00,979.6,985.94,985.555,991.477,0.112197
22/07/2003 09:00,982.6,985.18,984.91,990.587,0.0999274
22/07/2003 13:00,987.6,984.25,984.505,989.623,0.0938488
22/07/2003 17:00,988.9,983.95,984.485,989.16,0.0798062
22/07/2003 21:00,990.6,983.7,984.545,988.563,0.0693837
23/07/2003 01:00,990.4,983.77,985.1,988.09,0.0581362
23/07/2003 05:00,989.4,983.77,985.495,987.637,0.0510021
23/07/2003 09:00,990.6,984.8,985.88,987.117,0.0449901
23/07/2003 13:00,980.1,985.92,986.35,986.61,0.0395764
23/07/2003 17:00,988.9,985.97,986.195,986.18,0.0286433
23/07/2003 21:00,989.6,986.87,986.405,985.993,0.0227069
24/07/2003 01:00,990.8,987.87,986.525,985.897,0.01048
24/07/2003 05:00,989.6,988.69,986.47,985.9,0.00145275
24/07/2003 09:00,995.6,988.89,986.42,985.953,-0.00782298
24/07/2003 13:00,994.3,989.56,986.63,986.217,-0.0146799
24/07/2003 17:00,979.8,989.93,986.85,986.71,-0.0246379
24/07/2003 21:00,979.8,988.87,986.32,986.62,-0.0439286
25/07/2003 01:00,981.3,987.91,986.355,986.557,-0.0637132
25/07/2003 05:00,984.3,986.98,986.45,986.56,-0.0849877
25/07/2003 09:00,982.8,987.4,986.685,986.597,-0.105834
25/07/2003 13:00,985.8,986.79,986.83,986.533,-0.118197
25/07/2003 17:00,998.1,986.41,987.14,986.487,-0.128347
27/07/2003 21:00,1001.3,987.14,987.915,986.693,-0.130728
28/07/2003 01:00,1000.3,988.31,988.6,987.05,-0.130458
28/07/2003 05:00,999.8,988.78,989.17,987.347,-0.132053
28/07/2003 09:00,1000.3,989.33,989.63,987.677,-0.130195
28/07/2003 13:00,995.5,991.38,990.125,988.007,-0.125722
28/07/2003 17:00,995,992.95,990.43,988.553,-0.124466
28/07/2003 21:00,995.3,994.32,990.65,989.073,-0.123823
29/07/2003 01:00,994.8,995.42,991.41,989.597,-0.12362
29/07/2003 05:00,997.3,996.62,991.705,990.093,-0.12768
29/07/2003 09:00,998,997.77,992.09,990.683,-0.130658
29/07/2003 13:00,994.5,997.76,992.45,991.197,-0.13475
29/07/2003 17:00,990.2,997.08,992.695,991.427,-0.139153
29/07/2003 21:00,989.7,996.07,992.425,991.47,-0.145293
30/07/2003 01:00,988.7,995.06,992.195,991.44,-0.149752
30/07/2003 05:00,991.5,993.9,992.64,991.383,-0.153568
30/07/2003 09:00,993.7,993.5,993.225,991.453,-0.150085
30/07/2003 13:00,989.5,993.37,993.845,991.557,-0.144371
30/07/2003 17:00,987.2,992.79,994.105,991.87,-0.14151
30/07/2003 21:00,988,992.03,994.325,991.813,-0.139849
31/07/2003 01:00,989.2,991.1,994.435,991.76,-0.136428
31/07/2003 05:00,989,990.22,993.99,991.707,-0.134693
31/07/2003 09:00,993.7,989.67,993.375,991.687,-0.130634
31/07/2003 13:00,1003.2,990.02,993.045,991.623,-0.121473
31/07/2003 17:00,989.7,991.37,993.215,991.92,-0.106857
31/07/2003 21:00,991.4,991.47,992.685,992.25,-0.100512
01/08/2003 01:00,990.9,991.46,992.48,992.637,-0.093979
01/08/2003 05:00,992.7,991.18,992.275,992.957,-0.0872715
01/08/2003 09:00,986.9,991.5,992.145,993.237,-0.082042
01/08/2003 13:00,982.2,991.47,991.75,993.373,-0.0809415
01/08/2003 17:00,980.4,990.89,990.995,993.253,-0.0824746
03/08/2003 21:00,978.6,990.01,990.115,992.663,-0.0845593
04/08/2003 01:00,978.4,988.97,989.32,991.907,-0.0880768
04/08/2003 05:00,983.4,987.44,988.73,991.177,-0.0938854
04/08/2003 09:00,979.9,985.46,988.415,990.63,-0.102578
04/08/2003 13:00,973.9,984.48,987.975,989.95,-0.110778
04/08/2003 17:00,981.6,982.73,987.095,989.23,-0.123332
04/08/2003 21:00,981.4,981.8,986.49,988.783,-0.131564
05/08/2003 01:00,982.1,980.67,986.085,988.32,-0.136812
05/08/2003 05:00,980.6,980.19,985.83,987.897,-0.142116
05/08/2003 09:00,982.4,980.03,985.46,987.34,-0.143954
05/08/2003 13:00,977.1,980.23,985.12,986.82,-0.144083
05/08/2003 17:00,959.8,980.08,984.525,986.24,-0.146249
05/08/2003 21:00,960.6,978.22,982.83,985.227,-0.156771
06/08/2003 01:00,961.6,975.94,980.7,984.257,-0.166899
06/08/2003 05:00,962.3,974.11,979.295,983.353,-0.173204
06/08/2003 09:00,963.3,972.95,977.84,982.38,-0.175214
06/08/2003 13:00,968.1,971.12,976.46,981.367,-0.180876
06/08/2003 17:00,965.6,969.79,975.23,980.653,-0.183192
06/08/2003 21:00,965.6,968.14,974.165,979.933,-0.186254
07/08/2003 01:00,964.8,966.64,973.335,979.187,-0.188055
07/08/2003 05:00,964.3,964.88,972.555,978.373,-0.186691
07/08/2003 09:00,964.8,963.6,971.84,977.55,-0.191124
07/08/2003 13:00,971,964.1,971.16,976.587,-0.191602
07/08/2003 17:00,975,965.14,970.54,975.513,-0.189104
07/08/2003 21:00,974.5,966.48,970.295,975.023,-0.18431
08/08/2003 01:00,974.5,967.7,970.325,974.46,-0.178858
08/08/2003 05:00,975.5,968.82,969.97,973.913,-0.172556
08/08/2003 09:00,978.5,969.56,969.675,973.34,-0.173041
08/08/2003 13:00,976.3,970.85,969.495,973.06,-0.170625
08/08/2003 17:00,978.5,971.92,969.28,972.863,-0.170536
10/08/2003 21:00,978,973.29,969.085,972.8,-0.170037
11/08/2003 01:00,979,974.66,969.13,972.78,-0.171325
11/08/2003 05:00,980.5,976.08,970.09,972.8,-0.17208
11/08/2003 09:00,978.2,977.03,971.085,972.703,-0.17681
11/08/2003 13:00,976.2,977.35,971.915,972.647,-0.1811
11/08/2003 17:00,982,977.52,972.61,972.723,-0.187011
11/08/2003 21:00,983,978.27,973.545,972.737,-0.189714
12/08/2003 01:00,982.7,979.02,974.29,972.79,-0.19062
12/08/2003 05:00,982.5,979.44,975.145,972.81,-0.190793
12/08/2003 09:00,983,980.06,975.99,972.873,-0.189545
12/08/2003 13:00,982.2,980.51,976.9,972.893,-0.185096
12/08/2003 17:00,990.5,980.93,977.795,973.063,-0.181803
12/08/2003 21:00,989.7,982.08,979.08,974.087,-0.172993
13/08/2003 01:00,991,983,980.015,975.057,-0.165557
13/08/2003 05:00,990,984.28,980.815,976.037,-0.157044
13/08/2003 09:00,993.2,985.66,981.59,976.96,-0.15598
13/08/2003 13:00,986,986.78,982.525,977.957,-0.152964
13/08/2003 17:00,984.7,987.08,983.05,978.553,-0.154269
13/08/2003 21:00,984.9,987.28,983.36,979.19,-0.156242
14/08/2003 01:00,985.7,987.52,983.79,979.833,-0.158336
14/08/2003 05:00,986.4,987.79,984.15,980.53,-0.1582
14/08/2003 09:00,985.7,988.21,984.57,981.267,-0.154655
14/08/2003 13:00,988.2,987.73,984.905,981.963,-0.150723
14/08/2003 17:00,982.9,987.58,985.29,982.537,-0.144238
14/08/2003 21:00,986.2,986.77,985.525,982.8,-0.140993
15/08/2003 01:00,987.7,986.39,986.025,983.19,-0.136304
15/08/2003 05:00,991.9,985.84,986.31,983.63,-0.129959
15/08/2003 09:00,988.9,986.43,986.755,984.177,-0.127447
15/08/2003 13:00,987.7,986.85,987.065,984.523,-0.121525
15/08/2003 17:00,991.2,987.13,987.325,984.903,-0.115893
17/08/2003 21:00,992.1,987.68,987.735,985.327,-0.107431
18/08/2003 01:00,991.9,988.25,988.23,985.797,-0.0991659
18/08/2003 05:00,992.1,988.87,988.3,986.227,-0.0874137
18/08/2003 09:00,994.6,989.26,988.42,986.613,-0.0762862
18/08/2003 13:00,998.4,990.43,988.6,987.16,-0.072435
18/08/2003 17:00,999.9,991.65,989.02,987.9,-0.0665041
18/08/2003 21:00,1000.6,992.87,989.355,988.497,-0.0589961
19/08/2003 01:00,999.9,993.74,990.085,989.083,-0.0494773
19/08/2003 05:00,1000.6,994.84,990.845,989.657,-0.0414791
19/08/2003 09:00,1002.4,996.13,991.63,990.26,-0.0314521
19/08/2003 13:00,999.1,997.25,992.465,990.907,-0.0130789
19/08/2003 17:00,1001.8,997.95,993.1,991.47,0.00522172
19/08/2003 21:00,1001.8,998.94,993.905,991.847,0.0245467
20/08/2003 01:00,1001.3,999.91,994.585,992.25,0.0435506
20/08/2003 05:00,1002.6,1000.58,995.505,992.593,0.0625365
20/08/2003 09:00,998.6,1001,996.325,993.013,0.0793735
20/08/2003 13:00,1001.3,1000.87,996.87,993.193,0.0934461
20/08/2003 17:00,999.6,1000.94,997.34,993.703,0.109261
20/08/2003 21:00,999.8,1000.91,997.875,994.2,0.123692
21/08/2003 01:00,1000.6,1000.83,998.48,994.697,0.139698
21/08/2003 05:00,1001.8,1000.65,998.95,995.193,0.156574
21/08/2003 09:00,1005.1,1000.92,999.435,995.707,0.172011
21/08/2003 13:00,1002.3,1001.25,1000.09,996.353,0.186714
21/08/2003 17:00,1003.3,1001.3,1000.6,996.823,0.199272
21/08/2003 21:00,1002.3,1001.5,1001.04,997.503,0.211667
22/08/2003 01:00,1000.5,1001.47,1001.23,998.04,0.224989
22/08/2003 05:00,1001.8,1001.66,1001.26,998.467,0.238446
22/08/2003 09:00,1010.3,1001.71,1001.32,998.797,0.250049
22/08/2003 13:00,999.5,1002.78,1001.84,999.51,0.265159
22/08/2003 17:00,993,1002.75,1001.79,999.903,0.274061
24/08/2003 21:00,993.2,1001.99,1001.32,999.963,0.27969
25/08/2003 01:00,993.2,1001.13,1001.02,1000,0.285272
25/08/2003 05:00,991.5,999.94,1000.59,1000.04,0.293652
25/08/2003 09:00,992.2,998.86,1000.08,1000.02,0.306785
25/08/2003 13:00,993,997.75,999.625,999.943,0.312293
25/08/2003 17:00,994.2,996.82,999.145,999.763,0.319277
25/08/2003 21:00,993.2,996.19,998.925,999.573,0.326651
26/08/2003 01:00,993,995.33,998.52,999.327,0.334482
26/08/2003 05:00,994.5,993.6,998.19,999.097,0.338674
26/08/2003 09:00,990.5,993.1,997.925,998.893,0.340835
26/08/2003 13:00,985.2,992.85,997.42,998.497,0.339381
26/08/2003 17:00,996.2,992.05,996.59,998.033,0.333566
26/08/2003 21:00,996.2,992.35,996.145,997.847,0.334086
27/08/2003 01:00,996,992.82,995.84,997.66,0.337422
27/08/2003 05:00,994.7,993.2,995.475,997.483,0.338365
27/08/2003 09:00,995.2,993.37,995.095,997.22,0.334706
27/08/2003 13:00,996.4,993.47,994.83,997.107,0.335761
27/08/2003 17:00,995.7,993.79,994.56,996.943,0.337244
27/08/2003 21:00,995.4,994.06,993.83,996.813,0.338556
28/08/2003 01:00,995.2,994.15,993.625,996.667,0.338617
28/08/2003 05:00,996.9,994.62,993.735,996.487,0.339473
28/08/2003 09:00,998.2,995.79,993.92,996.323,0.337972
28/08/2003 13:00,998.2,995.99,994.17,996.093,0.326522
28/08/2003 17:00,1001.2,996.19,994.505,995.957,0.315096
28/08/2003 21:00,1002.4,996.71,994.955,995.887,0.305606
29/08/2003 01:00,1003.7,997.48,995.425,995.89,0.296779
29/08/2003 05:00,1002.9,998.33,995.9,995.997,0.288848
29/08/2003 09:00,1000.1,998.98,996.385,996.033,0.282867
29/08/2003 13:00,1001.6,999.42,996.74,995.693,0.27329
29/08/2003 17:00,1008.4,1000.04,997.095,995.763,0.264189
31/08/2003 21:00,1007.9,1001.36,997.99,996.277,0.258211
01/09/2003 01:00,1007.4,1002.46,999.125,996.767,0.25111
02/09/2003 05:00,1011.6,1003.38,999.685,997.24,0.243492
02/09/2003 09:00,1011.8,1004.72,1000.46,997.91,0.241615
02/09/2003 13:00,1013.8,1005.78,1001.25,998.563,0.241794
02/09/2003 17:00,1022.6,1006.92,1002.2,999.257,0.242416
02/09/2003 21:00,1023.3,1008.81,1003.57,1000.2,0.247794
03/09/2003 01:00,1021.6,1010.85,1004.91,1001.21,0.253617
03/09/2003 05:00,1024.1,1013,1006.21,1002.16,0.259675
03/09/2003 09:00,1025.3,1015.25,1007.64,1003.15,0.265367
03/09/2003 13:00,1027.1,1016.94,1009.15,1004.31,0.272532
03/09/2003 17:00,1027.1,1018.86,1010.66,1005.7,0.279901
03/09/2003 21:00,1026.1,1020.83,1012.1,1006.73,0.287287
04/09/2003 01:00,1025.8,1022.28,1013.5,1007.73,0.294411
04/09/2003 05:00,1026,1023.68,1014.73,1008.72,0.299416
04/09/2003 09:00,1024.8,1024.9,1015.91,1009.77,0.302755
04/09/2003 13:00,1026.8,1025.12,1016.96,1010.75,0.3083
04/09/2003 17:00,1029.3,1025.47,1018.16,1011.77,0.315125
04/09/2003 21:00,1028.8,1026.24,1019.62,1012.89,0.322728
05/09/2003 01:00,1027.8,1026.71,1020.98,1014,0.329353
05/09/2003 05:00,1026.3,1026.96,1021.95,1015.09,0.335132
05/09/2003 09:00,1023.8,1026.88,1022.87,1016.07,0.338997
05/09/2003 13:00,1025,1026.55,1023.69,1016.92,0.345878
05/09/2003 17:00,1023,1026.44,1024.36,1017.81,0.352587
07/09/2003 21:00,1021.5,1026.16,1024.92,1018.54,0.358472
08/09/2003 01:00,1023,1025.71,1025.3,1019.18,0.362476
08/09/2003 05:00,1024.5,1025.53,1025.32,1019.82,0.368933
08/09/2003 09:00,1023.5,1025.3,1025.38,1020.54,0.37156
08/09/2003 13:00,1029,1024.72,1025.48,1021.32,0.372342
08/09/2003 17:00,1031.2,1024.74,1025.72,1022.23,0.376047
08/09/2003 21:00,1032,1025.08,1026.02,1022.99,0.381015
09/09/2003 01:00,1031.5,1025.65,1026.26,1023.8,0.386337
09/09/2003 05:00,1031,1026.42,1026.49,1024.6,0.390389
09/09/2003 09:00,1029.2,1027.02,1026.73,1025.25,0.395111
09/09/2003 13:00,1026.5,1027.64,1026.9,1025.83,0.395037
09/09/2003 17:00,1022.9,1028.14,1026.93,1026.25,0.394803
09/09/2003 21:00,1023.4,1028.13,1026.83,1026.26,0.392857
10/09/2003 01:00,1024.2,1028.02,1026.66,1026.26,0.39333
10/09/2003 05:00,1022.9,1028.09,1026.41,1026.35,0.392083
10/09/2003 09:00,1020.7,1027.48,1026.11,1026.31,0.388912
10/09/2003 13:00,1018.9,1026.43,1025.76,1026.16,0.386133
10/09/2003 17:00,1013.2,1025.12,1025.39,1025.88,0.382476
10/09/2003 21:00,1012.4,1023.29,1024.86,1025.42,0.374991
11/09/2003 01:00,1011.7,1021.43,1024.23,1024.96,0.366895
11/09/2003 05:00,1015.7,1019.68,1023.66,1024.49,0.359656
11/09/2003 09:00,1013.7,1018.6,1023.37,1024.15,0.35689
11/09/2003 13:00,1018.6,1017.68,1022.91,1023.78,0.353638
11/09/2003 17:00,1017.1,1017.2,1022.61,1023.51,0.353555
11/09/2003 21:00,1016.6,1016.49,1022.29,1023.1,0.351941
12/09/2003 01:00,1016.6,1015.86,1021.67,1022.69,0.350247
12/09/2003 05:00,1017.6,1015.45,1020.94,1022.32,0.349453
12/09/2003 09:00,1014.1,1015.32,1020.22,1022.03,0.347082
12/09/2003 13:00,1011.6,1015.41,1019.35,1021.71,0.344046
12/09/2003 17:00,1019.1,1015.33,1018.38,1021.26,0.339378
14/09/2003 21:00,1019.1,1016.07,1017.87,1021.13,0.338744
15/09/2003 01:00,1019.3,1016.41,1017.5,1021.05,0.338685
15/09/2003 05:00,1018.6,1016.97,1017.32,1020.93,0.336122
15/09/2003 09:00,1019.1,1016.97,1017.08,1020.73,0.334531
15/09/2003 13:00,1015.6,1017.17,1016.83,1020.58,0.331999
15/09/2003 17:00,1014.6,1017.07,1016.46,1020.14,0.327276
15/09/2003 21:00,1014.3,1016.87,1016.16,1019.58,0.322253
16/09/2003 01:00,1015.1,1016.54,1015.93,1018.99,0.317612
16/09/2003 05:00,1016.1,1016.64,1016.02,1018.45,0.315296
16/09/2003 09:00,1016.1,1017.09,1016.21,1017.95,0.311756
16/09/2003 13:00,1021.3,1016.79,1016.43,1017.51,0.308658
16/09/2003 17:00,1028.8,1017.01,1016.71,1017.34,0.307888
16/09/2003 21:00,1029.5,1017.96,1017.46,1017.54,0.310256
17/09/2003 01:00,1029.3,1019.05,1018.01,1017.74,0.313487
17/09/2003 05:00,1029.8,1020.07,1018.62,1017.91,0.321419
17/09/2003 09:00,1028.5,1021.49,1019.28,1018.14,0.322874
17/09/2003 13:00,1030.5,1022.88,1019.88,1018.4,0.319254
17/09/2003 17:00,1026.8,1024.5,1020.52,1018.79,0.316517
17/09/2003 21:00,1027,1025.67,1021.15,1019.24,0.311134
18/09/2003 01:00,1026.8,1026.76,1021.92,1019.73,0.304437
18/09/2003 05:00,1028.8,1027.83,1022.31,1020.23,0.297619
18/09/2003 09:00,1028.5,1028.58,1022.79,1020.67,0.292059
18/09/2003 13:00,1036,1028.55,1023.25,1021.16,0.286618
18/09/2003 17:00,1040,1029.2,1024.13,1021.74,0.284615
18/09/2003 21:00,1040.5,1030.27,1025.17,1022.5,0.284353
19/09/2003 01:00,1039.8,1031.34,1026.41,1023.3,0.284734
19/09/2003 05:00,1038.5,1032.47,1027.67,1024.07,0.281722
19/09/2003 09:00,1040.3,1033.27,1028.88,1024.77,0.274134
19/09/2003 13:00,1034.7,1034.62,1030.14,1025.64,0.273643
19/09/2003 17:00,1034.7,1035.39,1031.07,1026.41,0.269296
21/09/2003 21:00,1030.7,1036.18,1032,1026.93,0.264365
22/09/2003 01:00,1029.4,1036.37,1032.47,1027.32,0.255806
22/09/2003 05:00,1026.9,1036.46,1032.51,1027.66,0.246345
22/09/2003 09:00,1026.7,1035.55,1032.38,1027.93,0.235716
22/09/2003 13:00,1021.9,1034.22,1032.25,1028.19,0.224178
22/09/2003 17:00,1023.1,1032.36,1031.85,1028.4,0.209235
22/09/2003 21:00,1024.4,1030.69,1031.58,1028.68,0.194565
23/09/2003 01:00,1023.9,1029.28,1031.28,1029.02,0.181363
23/09/2003 05:00,1021.4,1027.64,1031.13,1029.31,0.168322
23/09/2003 09:00,1024.1,1026.31,1030.85,1029.49,0.153488
23/09/2003 13:00,1024.1,1025.25,1030.72,1029.75,0.141797
23/09/2003 17:00,1027.9,1024.59,1030.48,1029.85,0.130558
23/09/2003 21:00,1027.4,1024.44,1030.45,1029.82,0.122104
24/09/2003 01:00,1027.4,1024.49,1030.02,1029.75,0.112578
24/09/2003 05:00,1027.9,1024.56,1029.39,1029.68,0.101062
24/09/2003 09:00,1028.9,1025.16,1028.76,1029.62,0.090423
24/09/2003 13:00,1014.1,1025.74,1028.22,1029.63,0.0841842
24/09/2003 17:00,1008.1,1024.71,1027,1029.09,0.0686043
24/09/2003 21:00,1009.3,1023.13,1025.38,1028.46,0.0490825
25/09/2003 01:00,1010.1,1021.92,1024.12,1027.87,0.0328107
25/09/2003 05:00,1011.8,1020.52,1022.88,1027.32,0.0171629
25/09/2003 09:00,1012.3,1019.29,1021.94,1026.75,0.00375758
25/09/2003 13:00,1013.6,1017.73,1021.08,1026.21,-0.0039934
25/09/2003 17:00,997.8,1016.35,1020.42,1025.46,-0.0104242
25/09/2003 21:00,1000.5,1013.39,1018.97,1024.06,-0.0271551
26/09/2003 01:00,1000.5,1010.65,1017.9,1022.72,-0.0404812
26/09/2003 05:00,1002,1007.81,1016.77,1021.41,-0.0527969
26/09/2003 09:00,1000.3,1006.6,1015.65,1020.2,-0.0628329
26/09/2003 13:00,1000.3,1005.82,1014.47,1018.86,-0.0735776
26/09/2003 17:00,996.8,1004.92,1013.42,1017.72,-0.0846067
28/09/2003 21:00,996.2,1003.59,1012.05,1016.45,-0.0975872
29/09/2003 01:00,995.2,1002.03,1010.66,1015.3,-0.110455
29/09/2003 05:00,999.2,1000.32,1009.02,1014.16,-0.124286
29/09/2003 09:00,1000,998.88,1007.62,1013.24,-0.134174
29/09/2003 13:00,1004.5,999.1,1006.24,1012.35,-0.14174
29/09/2003 17:00,1005.5,999.5,1005.08,1011.77,-0.146584
29/09/2003 21:00,1005.7,1000,1003.9,1011.18,-0.151149
30/09/2003 01:00,1006.2,1000.37,1003.49,1010.56,-0.156236
30/09/2003 05:00,1003.2,1000.96,1003.39,1009.97,-0.162295
30/09/2003 09:00,1002.2,1001.25,1003.09,1009.36,-0.169197
30/09/2003 13:00,997.2,1001.79,1002.69,1008.63,-0.177643
30/09/2003 17:00,996.2,1001.89,1001.96,1007.74,-0.189719
30/09/2003 21:00,997.7,1001.99,1001.16,1006.68,-0.201189
01/10/2003 01:00,998.7,1001.84,1000.36,1005.69,-0.210536
01/10/2003 05:00,998.4,1001.71,1000.41,1004.73,-0.219575
01/10/2003 09:00,999.7,1001.1,1000.3,1003.75,-0.22516
01/10/2003 13:00,1009.2,1000.52,1000.26,1002.78,-0.228272
01/10/2003 17:00,1017.4,1000.87,1000.62,1002.61,-0.224878
01/10/2003 21:00,1017.2,1001.99,1001.48,1002.92,-0.216643
02/10/2003 01:00,1017.4,1003.39,1002.32,1003.19,-0.208659
02/10/2003 05:00,1016.2,1004.91,1003.35,1003.43,-0.201483
02/10/2003 09:00,1017.4,1006.81,1004.35,1003.58,-0.196514
02/10/2003 13:00,1017.4,1008.93,1005.46,1003.75,-0.19289
02/10/2003 17:00,1021.4,1010.9,1006.37,1003.87,-0.188897
02/10/2003 21:00,1021.2,1013.17,1007.44,1004.66,-0.181971
03/10/2003 01:00,1020.7,1015.45,1008.28,1005.35,-0.175918
03/10/2003 05:00,1020.2,1017.55,1009.04,1006.02,-0.171476
03/10/2003 09:00,1034.4,1018.65,1009.76,1006.63,-0.168421
03/10/2003 13:00,1038.7,1020.35,1011.17,1007.77,-0.1604
03/10/2003 17:00,1030.2,1022.5,1012.95,1009.05,-0.150565
05/10/2003 21:00,1028.6,1023.78,1014.35,1010.16,-0.146518
06/10/2003 01:00,1029.1,1025.02,1015.92,1011.24,-0.141221
06/10/2003 05:00,1031.1,1026.19,1017.56,1012.37,-0.136992
06/10/2003 09:00,1031.6,1027.56,1019.23,1013.43,-0.128791
06/10/2003 13:00,1034.1,1028.58,1020.87,1014.49,-0.121353
06/10/2003 17:00,1036.4,1029.87,1022.66,1015.47,-0.112905
06/10/2003 21:00,1035.6,1031.44,1024.5,1016.5,-0.103302
07/10/2003 01:00,1034.8,1032.98,1025.82,1017.5,-0.0938056
07/10/2003 05:00,1031.3,1033.02,1026.68,1018.45,-0.0871215
07/10/2003 09:00,1029.3,1032.28,1027.39,1019.39,-0.0842802
07/10/2003 13:00,1031.8,1032.19,1027.99,1020.29,-0.078318
07/10/2003 17:00,1039.1,1032.51,1028.76,1021.45,-0.0709931
07/10/2003 21:00,1037.8,1033.51,1029.85,1022.88,-0.0593627
08/10/2003 01:00,1037.6,1034.18,1030.87,1024.21,-0.0491665
08/10/2003 05:00,1038.6,1034.78,1031.68,1025.51,-0.0390165
08/10/2003 09:00,1039.8,1035.23,1032.55,1026.85,-0.0306157
08/10/2003 13:00,1035.8,1035.57,1033.5,1028.19,-0.022384
08/10/2003 17:00,1035.6,1035.59,1034.28,1029.07,-0.0170129
08/10/2003 21:00,1036.8,1035.67,1034.34,1029.68,-0.0115338
09/10/2003 01:00,1036.8,1036.22,1034.25,1030.33,-0.0049817
09/10/2003 05:00,1036.8,1036.97,1034.58,1030.98,0.00132193
09/10/2003 09:00,1044.1,1037.47,1034.99,1031.67,0.0105287
09/10/2003 13:00,1046.1,1037.97,1035.74,1032.56,0.0284314
09/10/2003 17:00,1039,1038.8,1036.49,1033.51,0.047763
09/10/2003 21:00,1039,1038.94,1036.86,1034.1,0.0625563
10/10/2003 01:00,1040,1038.98,1037.1,1034.69,0.0775362
10/10/2003 05:00,1042,1039,1037.28,1035.34,0.0922118
10/10/2003 09:00,1039.5,1039.62,1037.6,1036.06,0.10915
10/10/2003 13:00,1037.8,1040.01,1037.84,1036.23,0.122222
10/10/2003 17:00,1042.5,1040.11,1038.16,1036.2,0.134253
12/10/2003 21:00,1042,1040.68,1038.82,1036.61,0.148826
13/10/2003 01:00,1042.5,1041.2,1039.33,1037.06,0.164125
13/10/2003 05:00,1045.7,1041.04,1039.5,1037.51,0.179381
13/10/2003 09:00,1045.5,1041,1039.9,1037.99,0.200915
13/10/2003 13:00,1046,1041.65,1040.29,1038.46,0.224638
13/10/2003 17:00,1045.7,1042.35,1040.66,1038.85,0.248896
13/10/2003 21:00,1047.5,1042.92,1040.96,1039.16,0.272485
14/10/2003 01:00,1048.2,1043.47,1041.55,1039.56,0.296284
14/10/2003 05:00,1046,1044.34,1042.17,1040.01,0.321483
14/10/2003 09:00,1046.5,1045.16,1042.63,1040.5,0.341885
14/10/2003 13:00,1043.2,1045.56,1043.12,1041.07,0.362449
14/10/2003 17:00,1049.7,1045.68,1043.44,1041.45,0.378487
14/10/2003 21:00,1050.5,1046.4,1043.72,1041.8,0.397449
15/10/2003 01:00,1050,1046.88,1043.94,1042.23,0.415126
15/10/2003 05:00,1050.5,1047.33,1044.49,1042.64,0.432103
15/10/2003 09:00,1055.2,1047.78,1045.07,1043.04,0.446187
15/10/2003 13:00,1049.9,1048.73,1045.83,1043.55,0.463448
15/10/2003 17:00,1044.7,1048.97,1046.22,1044.02,0.477963
15/10/2003 21:00,1044.2,1048.62,1046.48,1044.32,0.488779
16/10/2003 01:00,1045.4,1048.44,1046.8,1044.57,0.497534
16/10/2003 05:00,1047.2,1048.33,1046.95,1044.86,0.508365
16/10/2003 09:00,1043.9,1048.73,1047.21,1045.2,0.520009
16/10/2003 13:00,1052.7,1048.15,1047.28,1045.2,0.531719
16/10/2003 17:00,1049.2,1048.37,1047.63,1045.42,0.548161
16/10/2003 21:00,1049.2,1048.29,1047.81,1045.76,0.56222
17/10/2003 01:00,1049.7,1048.16,1047.97,1046.1,0.576321
17/10/2003 05:00,1048.2,1047.61,1048.17,1046.42,0.591069
17/10/2003 09:00,1050.2,1047.44,1048.21,1046.63,0.595707
17/10/2003 13:00,1042.9,1047.99,1048.31,1046.98,0.597488
17/10/2003 17:00,1039.1,1047.86,1048.15,1047.15,0.595153
19/10/2003 21:00,1038.6,1047.23,1047.78,1047.04,0.590643
20/10/2003 01:00,1040.1,1046.37,1047.55,1046.93,0.586518
20/10/2003 05:00,1040.8,1045.99,1047.07,1046.85,0.583266
20/10/2003 09:00,1041.1,1044.8,1046.59,1046.68,0.580884
20/10/2003 13:00,1040.8,1043.99,1046.14,1046.54,0.568778
20/10/2003 17:00,1049.6,1043.15,1045.65,1046.36,0.55761
20/10/2003 21:00,1048.8,1043.14,1045.38,1046.49,0.551186
21/10/2003 01:00,1048.3,1043.2,1045.32,1046.54,0.544607
21/10/2003 05:00,1048.3,1043.01,1045.5,1046.54,0.536139
21/10/2003 09:00,1045.3,1043.55,1045.7,1046.62,0.527095
21/10/2003 13:00,1047.8,1044.17,1045.7,1046.58,0.513572
21/10/2003 17:00,1045.3,1045.09,1045.73,1046.73,0.500587
21/10/2003 21:00,1042.8,1045.61,1045.8,1046.58,0.484893
22/10/2003 01:00,1042.5,1045.81,1045.3,1046.33,0.469536
22/10/2003 05:00,1042.5,1045.95,1044.97,1046.08,0.453963
22/10/2003 09:00,1038.5,1046.12,1044.63,1045.81,0.440607
22/10/2003 13:00,1032,1045.01,1044.07,1045.25,0.425024
22/10/2003 17:00,1031,1043.33,1043.26,1044.66,0.405306
22/10/2003 21:00,1028,1041.6,1042.3,1044.2,0.38498
23/10/2003 01:00,1025.5,1039.57,1041.56,1043.66,0.360757
23/10/2003 05:00,1024.5,1037.59,1040.88,1043,0.334145
23/10/2003 09:00,1024.7,1035.26,1040.17,1042.24,0.303629
23/10/2003 13:00,1031,1033.2,1039.4,1041.6,0.272298
23/10/2003 17:00,1026.7,1032.02,1038.91,1040.88,0.245277
23/10/2003 21:00,1024,1030.44,1038.2,1040.13,0.215908
24/10/2003 01:00,1023,1028.59,1037.36,1039.29,0.184416
24/10/2003 05:00,1027,1027.04,1036.03,1038.4,0.152812
24/10/2003 09:00,1025,1026.54,1034.93,1037.69,0.129062
24/10/2003 13:00,1019,1025.94,1033.77,1036.85,0.108879
24/10/2003 17:00,1031,1025.04,1032.31,1036.05,0.0849199
26/10/2003 22:00,1030.2,1025.59,1031.59,1035.78,0.068189
27/10/2003 02:00,1029.9,1026.16,1030.71,1035.5,0.0500924
27/10/2003 06:00,1030.9,1026.68,1029.94,1035.16,0.0323768
27/10/2003 10:00,1034.4,1026.67,1029.35,1034.83,0.0151053
27/10/2003 14:00,1032.2,1027.44,1028.94,1034.61,0.00217522
27/10/2003 18:00,1031.9,1028.26,1028.43,1034.32,-0.012339
27/10/2003 22:00,1032.4,1029.15,1028.1,1033.73,-0.0274665
28/10/2003 02:00,1033.6,1029.69,1028.12,1033.19,-0.0427345
28/10/2003 06:00,1034.4,1030.55,1028.25,1032.7,-0.0488299
28/10/2003 10:00,1035.9,1032.09,1028.57,1032.23,-0.0518344
28/10/2003 14:00,1036.4,1032.58,1029.09,1031.92,-0.0590477
28/10/2003 18:00,1044.4,1033.2,1029.68,1031.54,-0.0670021
28/10/2003 22:00,1043.9,1034.65,1030.67,1031.51,-0.0699946
29/10/2003 02:00,1044.4,1035.95,1031.31,1031.55,-0.0722556
29/10/2003 06:00,1042.4,1036.95,1032.2,1031.61,-0.0740702
29/10/2003 10:00,1042.9,1037.97,1033.12,1031.61,-0.0757114
29/10/2003 14:00,1046.1,1039.07,1034.11,1031.75,-0.0757612
29/10/2003 18:00,1045.4,1040.44,1035.07,1032.22,-0.0744728
29/10/2003 22:00,1047.9,1041.62,1036.09,1032.7,-0.0742112
30/10/2003 02:00,1047.6,1042.97,1037.53,1033.37,-0.0747129
30/10/2003 06:00,1045.9,1044.14,1038.36,1034.1,-0.0768041
30/10/2003 10:00,1053.9,1045.09,1039.14,1034.82,-0.0786097
30/10/2003 14:00,1051.4,1046.04,1040.35,1035.79,-0.0714077
30/10/2003 18:00,1049.6,1046.79,1041.37,1036.47,-0.0666565
30/10/2003 22:00,1048.8,1047.31,1042.13,1037.23,-0.0632589
31/10/2003 02:00,1048.6,1047.95,1042.96,1038.06,-0.0598746
31/10/2003 06:00,1048.1,1048.52,1043.79,1038.91,-0.0560042
31/10/2003 10:00,1050.1,1048.72,1044.58,1039.62,-0.0549607
31/10/2003 14:00,1050.6,1049.19,1045.4,1040.45,-0.0529979
31/10/2003 18:00,1048.8,1049.46,1046.21,1041.51,-0.0501848
02/11/2003 22:00,1048,1049.58,1046.86,1042.1,-0.0486067
03/11/2003 02:00,1049.5,1049.79,1047.44,1042.69,-0.0476478
03/11/2003 06:00,1052.3,1049.35,1047.69,1043.35,-0.041508
03/11/2003 10:00,1053.3,1049.44,1048.12,1044.06,-0.0325575
03/11/2003 14:00,1060,1049.81,1048.56,1044.69,-0.0273903
03/11/2003 18:00,1055.5,1050.93,1049.44,1045.62,-0.0184146
03/11/2003 22:00,1055.8,1051.62,1050.07,1046.4,-0.0117582
04/11/2003 02:00,1054.8,1052.39,1050.55,1047.18,-0.00389739
04/11/2003 06:00,1056.5,1052.86,1051.03,1047.89,0.00168857
04/11/2003 10:00,1055.8,1053.45,1051.45,1048.63,0.00707051
04/11/2003 14:00,1053,1054.15,1051.87,1049.29,0.0146607
04/11/2003 18:00,1053,1054.65,1052.22,1049.84,0.0201248
04/11/2003 22:00,1051.7,1055,1052.17,1050.13,0.02576
05/11/2003 02:00,1052.2,1054.94,1052.19,1050.39,0.0324362
05/11/2003 06:00,1050.7,1054.83,1052.32,1050.65,0.0392163
05/11/2003 10:00,1051,1053.9,1052.41,1050.93,0.0453279
05/11/2003 14:00,1047.5,1053.45,1052.54,1051.2,0.0513795
05/11/2003 18:00,1053.7,1052.62,1052.5,1051.24,0.0563792
05/11/2003 22:00,1054.7,1052.51,1052.68,1051.52,0.0654863
06/11/2003 02:00,1052.7,1052.33,1052.89,1051.75,0.0737882
06/11/2003 06:00,1049.7,1052.02,1053.09,1051.92,0.0811005
06/11/2003 10:00,1052.2,1051.69,1053.17,1052.04,0.0845563
06/11/2003 14:00,1051.7,1051.61,1053.31,1051.99,0.0933585
06/11/2003 18:00,1059.2,1051.61,1053.28,1052,0.102319
06/11/2003 22:00,1059.2,1052.31,1053.57,1052.32,0.115417
07/11/2003 02:00,1060.5,1053.16,1053.53,1052.66,0.128707
07/11/2003 06:00,1060.5,1054.11,1053.78,1053.06,0.145515
07/11/2003 10:00,1062.9,1055.41,1054.02,1053.47,0.159046
07/11/2003 14:00,1056.9,1056.33,1054.42,1053.9,0.170724
07/11/2003 18:00,1051.7,1056.55,1054.44,1054.11,0.178317
09/11/2003 22:00,1050.9,1056.45,1054.24,1054.21,0.183395
10/11/2003 02:00,1049.9,1056.57,1054.13,1054.3,0.189014
10/11/2003 06:00,1054.4,1056.34,1053.98,1054.32,0.191993
10/11/2003 10:00,1052.1,1056.61,1054.11,1054.39,0.202908
10/11/2003 14:00,1048.9,1055.9,1054.11,1054.35,0.210314
10/11/2003 18:00,1047.1,1054.87,1054.02,1053.98,0.215785
10/11/2003 22:00,1045.8,1053.53,1053.82,1053.7,0.220493
11/11/2003 02:00,1043.3,1052.06,1053.73,1053.36,0.223551
11/11/2003 06:00,1044.6,1050.1,1053.21,1052.98,0.226365
11/11/2003 10:00,1045.6,1048.87,1052.71,1052.58,0.225609
11/11/2003 14:00,1046.6,1048.26,1052.35,1052.24,0.223125
11/11/2003 18:00,1046.1,1047.83,1052.2,1052.03,0.220853
11/11/2003 22:00,1047.6,1047.45,1051.89,1051.8,0.219097
12/11/2003 02:00,1046.3,1046.77,1051.69,1051.66,0.218584
12/11/2003 06:00,1046.6,1046.19,1051.04,1051.47,0.2174
12/11/2003 10:00,1047.6,1045.96,1050.41,1051.33,0.216149
12/11/2003 14:00,1052.8,1046.01,1049.77,1051.22,0.220757
12/11/2003 18:00,1059.6,1046.71,1049.38,1051.39,0.227992
12/11/2003 22:00,1058.3,1048.34,1049.22,1051.59,0.238916
13/11/2003 02:00,1058.6,1049.71,1049.29,1051.71,0.248932
13/11/2003 06:00,1059.6,1051.01,1049.63,1051.91,0.257189
13/11/2003 10:00,1055.3,1052.31,1050.07,1052.24,0.267395
13/11/2003 14:00,1057.3,1053.23,1050.34,1052.34,0.273389
13/11/2003 18:00,1058.3,1054.2,1050.48,1052.53,0.278937
13/11/2003 22:00,1057.8,1055.4,1050.79,1052.5,0.284722
14/11/2003 02:00,1057.8,1056.52,1051.24,1052.45,0.290022
14/11/2003 06:00,1059.5,1057.54,1051.77,1052.36,0.292713
14/11/2003 10:00,1058.5,1058.21,1052.46,1052.33,0.292243
14/11/2003 14:00,1058.5,1058.1,1053.22,1052.18,0.290243
14/11/2003 18:00,1049.5,1058.12,1053.91,1052.23,0.286095
16/11/2003 22:00,1044.7,1057.21,1054.11,1052.16,0.274719
17/11/2003 02:00,1045.2,1055.72,1054.01,1051.95,0.259597
17/11/2003 06:00,1043.2,1054.71,1053.97,1051.8,0.244652
17/11/2003 10:00,1043.2,1053.3,1053.75,1051.42,0.23209
17/11/2003 14:00,1039.5,1051.79,1053.6,1051.13,0.216776
17/11/2003 18:00,1044.7,1049.96,1053.24,1050.81,0.197429
17/11/2003 22:00,1044,1048.65,1053.1,1050.73,0.18038
18/11/2003 02:00,1045.2,1047.1,1052.66,1050.67,0.165078
18/11/2003 06:00,1044.2,1045.77,1051.94,1050.74,0.149074
18/11/2003 10:00,1046.4,1044.34,1051.23,1050.72,0.128596
18/11/2003 14:00,1043.7,1044.03,1050.62,1050.75,0.116395
18/11/2003 18:00,1033.4,1043.93,1049.83,1050.65,0.101921
18/11/2003 22:00,1031.7,1042.75,1048.73,1050.23,0.0809847
19/11/2003 02:00,1032.4,1041.6,1047.45,1049.7,0.0596022
19/11/2003 06:00,1034.4,1040.52,1046.16,1049.24,0.0407471
19/11/2003 10:00,1035.7,1040.01,1044.99,1048.83,0.0217708
19/11/2003 14:00,1039.4,1039.11,1043.88,1048.43,0.00335854
19/11/2003 18:00,1042.7,1038.65,1042.88,1047.99,-0.0125983
19/11/2003 22:00,1043.7,1038.4,1042.09,1047.42,-0.0259514
20/11/2003 02:00,1043.2,1038.35,1041.35,1046.94,-0.0383348
20/11/2003 06:00,1035.6,1038.03,1041.03,1046.42,-0.0502178
20/11/2003 10:00,1038.1,1037.22,1040.58,1045.62,-0.0664002
20/11/2003 14:00,1044.9,1037.69,1040.22,1045.05,-0.0762394
20/11/2003 18:00,1033.1,1039.01,1040.3,1044.64,-0.0822664
20/11/2003 22:00,1032.6,1039.08,1039.8,1043.8,-0.0950123
21/11/2003 02:00,1034.9,1038.9,1039.45,1042.96,-0.109132
21/11/2003 06:00,1036.4,1038.82,1038.97,1042.19,-0.121464
21/11/2003 10:00,1035.9,1038.52,1038.59,1041.42,-0.13087
21/11/2003 14:00,1035.6,1037.84,1038.12,1040.67,-0.140881
21/11/2003 18:00,1037.4,1037.03,1037.69,1039.91,-0.149441
23/11/2003 22:00,1037.1,1036.45,1037.24,1039.5,-0.156965
24/11/2003 02:00,1036.8,1036.6,1036.91,1039.25,-0.165576
24/11/2003 06:00,1041.3,1036.47,1037.08,1038.97,-0.169411
24/11/2003 10:00,1042,1036.11,1037.56,1038.91,-0.171883
24/11/2003 14:00,1047.8,1037,1038.04,1038.87,-0.174908
24/11/2003 18:00,1050,1038.52,1038.71,1039.14,-0.174882
24/11/2003 22:00,1050,1040.03,1039.42,1039.32,-0.173658
25/11/2003 02:00,1051,1041.39,1039.95,1039.52,-0.172754
25/11/2003 06:00,1049.5,1042.9,1040.37,1039.71,-0.170066
25/11/2003 10:00,1051.5,1044.29,1040.66,1039.89,-0.167977
25/11/2003 14:00,1052.8,1045.7,1041.07,1040.06,-0.165778
25/11/2003 18:00,1053.5,1047.27,1041.93,1040.36,-0.163324
25/11/2003 22:00,1054.8,1048.94,1042.7,1041.03,-0.159602
26/11/2003 02:00,1055,1050.29,1043.2,1041.8,-0.153459
26/11/2003 06:00,1057,1051.59,1044.29,1042.56,-0.146622
26/11/2003 10:00,1058,1052.51,1045.51,1043.31,-0.134556
26/11/2003 14:00,1055.5,1053.31,1046.67,1044.05,-0.124587
26/11/2003 18:00,1057.3,1053.86,1047.63,1044.59,-0.115951
26/11/2003 22:00,1057.3,1054.49,1048.69,1045.08,-0.106849
27/11/2003 02:00,1057.5,1055.27,1049.78,1045.53,-0.0967465
28/11/2003 06:00,1056.2,1055.87,1050.78,1046.01,-0.0869589
28/11/2003 10:00,1055.5,1056.21,1051.74,1046.69,-0.079661
28/11/2003 14:00,1059.2,1056.41,1052.67,1047.27,-0.0728173
28/11/2003 18:00,1059.5,1056.85,1053.57,1047.75,-0.0645935
30/11/2003 22:00,1057.9,1057.3,1054.45,1048.63,-0.0559784
01/12/2003 02:00,1062.2,1057.39,1054.95,1049.47,-0.0493105
01/12/2003 06:00,1062.4,1057.81,1055.56,1050.38,-0.0399928
01/12/2003 10:00,1062.2,1058.5,1056.18,1051.25,-0.0328119
01/12/2003 14:00,1068.2,1058.99,1056.74,1052.13,-0.022171
01/12/2003 18:00,1069.2,1060.08,1057.68,1053.21,-0.00746175
01/12/2003 22:00,1069.2,1061.25,1058.56,1054.27,0.00646745
02/12/2003 02:00,1069.1,1062.55,1059.38,1055.34,0.0183804
02/12/2003 06:00,1068.6,1063.91,1060.16,1056.42,0.0315152
02/12/2003 10:00,1067.4,1064.85,1060.85,1057.33,0.043847
02/12/2003 14:00,1068.6,1065.64,1061.47,1058.18,0.0598086
02/12/2003 18:00,1066.9,1066.71,1062.05,1058.87,0.0763846
02/12/2003 22:00,1066.6,1067.18,1062.5,1059.43,0.0926259
03/12/2003 02:00,1067.1,1067.6,1063.05,1059.99,0.108612
03/12/2003 06:00,1067.9,1068.09,1063.54,1060.52,0.126277
03/12/2003 10:00,1070.9,1068.06,1064.07,1061.14,0.14073
03/12/2003 14:00,1072.9,1068.23,1064.74,1061.78,0.153681
03/12/2003 18:00,1065.3,1068.6,1065.58,1062.45,0.167106
03/12/2003 22:00,1065.8,1068.22,1066.07,1062.85,0.175146
04/12/2003 02:00,1066.3,1067.94,1066.39,1063.21,0.186025
04/12/2003 06:00,1068.6,1067.83,1066.74,1063.59,0.19567
04/12/2003 10:00,1066.1,1067.83,1067.27,1063.98,0.204572
04/12/2003 14:00,1067.6,1067.75,1067.46,1064.25,0.210661
04/12/2003 18:00,1067.3,1067.85,1067.72,1064.65,0.216626
04/12/2003 22:00,1067.3,1067.87,1067.98,1064.98,0.220635
05/12/2003 02:00,1067.3,1067.81,1067.93,1065.32,0.225145
05/12/2003 06:00,1067.3,1067.45,1067.84,1065.64,0.229988
05/12/2003 10:00,1064.1,1066.89,1067.74,1066.01,0.235177
05/12/2003 14:00,1066.6,1066.77,1067.49,1066.3,0.237913
05/12/2003 18:00,1062.1,1066.85,1067.39,1066.55,0.242827
07/12/2003 22:00,1061.8,1066.43,1067.13,1066.63,0.244053
08/12/2003 02:00,1059.8,1065.75,1066.79,1066.76,0.245092
08/12/2003 06:00,1059.3,1065.12,1066.43,1066.68,0.245367
08/12/2003 10:00,1060,1064.29,1066.07,1066.58,0.24835
08/12/2003 14:00,1062.2,1063.56,1065.71,1066.51,0.255792
08/12/2003 18:00,1069.7,1063.05,1065.43,1066.31,0.263748
08/12/2003 22:00,1070,1063.29,1065.37,1066.32,0.276295
09/12/2003 02:00,1070.7,1063.56,1065.22,1066.35,0.289492
09/12/2003 06:00,1072,1064.22,1065.49,1066.4,0.300375
09/12/2003 10:00,1072.2,1064.76,1065.8,1066.52,0.313057
09/12/2003 14:00,1067.5,1065.77,1066.1,1066.68,0.326288
09/12/2003 18:00,1060.7,1066.34,1066.05,1066.64,0.336257
09/12/2003 22:00,1059.7,1066.43,1065.78,1066.43,0.34207
10/12/2003 02:00,1059.2,1066.47,1065.38,1066.2,0.348284
10/12/2003 06:00,1061,1066.39,1064.98,1065.94,0.353593
10/12/2003 10:00,1060.7,1066.27,1064.66,1065.71,0.359962
10/12/2003 14:00,1060.2,1065.37,1064.33,1065.37,0.360669
10/12/2003 18:00,1060.7,1064.39,1063.98,1064.95,0.358035
10/12/2003 22:00,1060.7,1063.39,1063.81,1064.79,0.355816
11/12/2003 02:00,1061.4,1062.26,1063.51,1064.62,0.352198
11/12/2003 06:00,1061.4,1061.18,1063.48,1064.46,0.348786
11/12/2003 10:00,1059.7,1060.57,1063.46,1064.22,0.342913
11/12/2003 14:00,1067.4,1060.47,1063.45,1064.01,0.338919
11/12/2003 18:00,1072.7,1061.24,1063.86,1064,0.338895
11/12/2003 22:00,1072.9,1062.59,1064.49,1064.18,0.342466
12/12/2003 02:00,1073.2,1063.78,1065.03,1064.37,0.34522
12/12/2003 06:00,1072.4,1065.03,1065.2,1064.56,0.349141
12/12/2003 10:00,1073.9,1066.25,1065.32,1064.73,0.350628
12/12/2003 14:00,1070.7,1067.57,1065.48,1065.06,0.34642
12/12/2003 18:00,1074.4,1068.57,1065.42,1065.2,0.338794
14/12/2003 22:00,1088.1,1069.87,1065.53,1065.61,0.333323
15/12/2003 02:00,1089.8,1072.54,1066.56,1066.48,0.336698
15/12/2003 06:00,1086.3,1075.55,1068.01,1067.48,0.341227
15/12/2003 10:00,1086.1,1077.44,1069.34,1068.38,0.34527
15/12/2003 14:00,1078.1,1078.78,1070.68,1069.25,0.350631
15/12/2003 18:00,1068.3,1079.3,1071.54,1069.78,0.351324
15/12/2003 22:00,1067.6,1078.81,1071.92,1069.74,0.34548
16/12/2003 02:00,1068.1,1078.33,1072.29,1069.66,0.334313
16/12/2003 06:00,1071.3,1077.75,1072.66,1069.57,0.324574
16/12/2003 10:00,1068.8,1077.81,1073.19,1069.55,0.320497
16/12/2003 14:00,1071.1,1077.25,1073.56,1069.43,0.307467
16/12/2003 18:00,1074.6,1075.55,1074.04,1069.55,0.295072
16/12/2003 22:00,1074.8,1074.03,1074.79,1070.02,0.285687
17/12/2003 02:00,1074.3,1072.88,1075.16,1070.52,0.276854
17/12/2003 06:00,1072.8,1071.7,1075.24,1071.02,0.266961
17/12/2003 10:00,1074,1071.17,1075.23,1071.42,0.255533
17/12/2003 14:00,1072,1071.74,1075.27,1071.86,0.245463
17/12/2003 18:00,1077.5,1072.18,1075.25,1072.25,0.233584
17/12/2003 22:00,1078.3,1073.12,1075.43,1072.81,0.224371
18/12/2003 02:00,1078,1073.82,1075.82,1073.4,0.217872
18/12/2003 06:00,1078.8,1074.74,1075.99,1073.95,0.211176
18/12/2003 10:00,1078.5,1075.51,1075.53,1074.53,0.208037
18/12/2003 14:00,1083.8,1075.9,1074.96,1075.16,0.205682
18/12/2003 18:00,1090,1076.8,1074.84,1075.71,0.206133
18/12/2003 22:00,1089.5,1078.37,1075.03,1076.28,0.210468
19/12/2003 02:00,1089.5,1080.04,1075.6,1076.84,0.213129
19/12/2003 06:00,1089.3,1081.59,1076.66,1077.38,0.216521
19/12/2003 10:00,1092,1083.32,1077.75,1077.94,0.220127
19/12/2003 14:00,1086.7,1084.77,1078.94,1078.55,0.225323
19/12/2003 18:00,1088.2,1085.61,1079.71,1079.08,0.227696
21/12/2003 22:00,1083.9,1086.63,1080.68,1079.54,0.230699
22/12/2003 02:00,1084.7,1087.14,1081.33,1079.4,0.231961
22/12/2003 06:00,1088.7,1087.76,1081.83,1079.23,0.233981
22/12/2003 10:00,1086.7,1088.25,1082.53,1079.31,0.236542
22/12/2003 14:00,1089.2,1087.92,1083.15,1079.33,0.238608
22/12/2003 18:00,1095.4,1087.89,1083.97,1079.7,0.241806
22/12/2003 22:00,1095.4,1088.48,1085.04,1080.6,0.248425
23/12/2003 02:00,1094.9,1089.09,1086.21,1081.53,0.253801
23/12/2003 06:00,1094.1,1089.38,1087.08,1082.42,0.257986
23/12/2003 10:00,1094.6,1090.12,1087.87,1083.18,0.263465
23/12/2003 14:00,1096.6,1090.76,1088.7,1084.04,0.269005
23/12/2003 18:00,1094.4,1092.03,1089.59,1084.89,0.274341
23/12/2003 22:00,1093.4,1093,1090.38,1085.55,0.280512
24/12/2003 02:00,1093.4,1093.47,1090.86,1086.17,0.285824
24/12/2003 06:00,1095.6,1094.14,1091.03,1086.81,0.290642
24/12/2003 10:00,1094.1,1094.78,1091.34,1087.57,0.300029
24/12/2003 14:00,1095.3,1094.65,1091.57,1088.24,0.308803
24/12/2003 18:00,1095.6,1094.64,1091.86,1089.02,0.31799
26/12/2003 10:00,1097.5,1094.71,1092.04,1089.62,0.326982
26/12/2003 14:00,1097,1095.05,1092.58,1090.26,0.336482
26/12/2003 18:00,1096.3,1095.29,1093.02,1090.89,0.34461
28/12/2003 22:00,1096.2,1095.26,1093.64,1091.48,0.352695
29/12/2003 02:00,1096.7,1095.44,1094.22,1092.07,0.359357
29/12/2003 06:00,1099.2,1095.77,1094.62,1092.5,0.365783
29/12/2003 10:00,1099.2,1096.35,1095.25,1092.8,0.373636
29/12/2003 14:00,1103,1096.71,1095.75,1093.13,0.381589
29/12/2003 18:00,1109.7,1097.6,1096.13,1093.58,0.393242
29/12/2003 22:00,1110.5,1099.04,1096.84,1094.26,0.409701
30/12/2003 02:00,1110.7,1100.53,1097.62,1094.87,0.421588
30/12/2003 06:00,1109.2,1101.85,1098.45,1095.67,0.433355
30/12/2003 10:00,1110.2,1103.07,1099.18,1096.37,0.443995
30/12/2003 14:00,1109.2,1104.46,1099.86,1097.25,0.456107
30/12/2003 18:00,1110.2,1105.76,1100.6,1098.07,0.465612
30/12/2003 22:00,1111.2,1107.11,1101.44,1098.78,0.476102
