time,mid_c
21/03/2003 18:00,895.3
24/03/2003 06:00,879.4
24/03/2003 10:00,877.9
24/03/2003 14:00,867.9
24/03/2003 18:00,864.4
25/03/2003 06:00,860.9
25/03/2003 10:00,864.4
25/03/2003 14:00,878.2
25/03/2003 18:00,874.2
26/03/2003 06:00,874.4
26/03/2003 10:00,873.4
26/03/2003 14:00,873.1
26/03/2003 18:00,869.6
27/03/2003 06:00,863.6
27/03/2003 10:00,861.4
27/03/2003 14:00,869.4
27/03/2003 18:00,868.9
28/03/2003 06:00,865.4
28/03/2003 10:00,863.6
28/03/2003 14:00,864.6
28/03/2003 18:00,863.9
31/03/2003 06:00,851.8
31/03/2003 10:00,851
31/03/2003 14:00,851.8
31/03/2003 18:00,845.5
01/04/2003 06:00,849.8
01/04/2003 10:00,852
01/04/2003 14:00,858.8
01/04/2003 18:00,858.8
02/04/2003 06:00,865.3
02/04/2003 10:00,871.8
02/04/2003 14:00,881.8
02/04/2003 18:00,879.3
03/04/2003 06:00,885.8
03/04/2003 10:00,887.8
03/04/2003 14:00,879.3
03/04/2003 18:00,874.8
04/04/2003 06:00,877
04/04/2003 10:00,883.3
04/04/2003 14:00,877.8
04/04/2003 18:00,879.8
07/04/2003 05:00,901.8
07/04/2003 09:00,900.5
07/04/2003 13:00,897
07/04/2003 17:00,877.7
08/04/2003 05:00,882
08/04/2003 09:00,882.5
08/04/2003 13:00,881.5
08/04/2003 17:00,879.4
09/04/2003 05:00,873.4
09/04/2003 09:00,878.2
09/04/2003 13:00,870.2
09/04/2003 17:00,867.7
10/04/2003 05:00,868.1
10/04/2003 09:00,869.4
10/04/2003 13:00,868.4
10/04/2003 17:00,873.1
11/04/2003 05:00,873.6
11/04/2003 09:00,880.9
11/04/2003 13:00,869.9
11/04/2003 17:00,869.6
14/04/2003 05:00,871.3
14/04/2003 09:00,872.6
14/04/2003 13:00,881.9
14/04/2003 17:00,886.6
15/04/2003 05:00,888.6
15/04/2003 09:00,887.3
15/04/2003 13:00,890.6
15/04/2003 17:00,894.6
16/04/2003 05:00,901.1
16/04/2003 09:00,898.8
16/04/2003 13:00,887.3
16/04/2003 17:00,880.1
17/04/2003 05:00,882.8
17/04/2003 09:00,881
17/04/2003 13:00,889.3
17/04/2003 17:00,893.1
21/04/2003 05:00,894.5
21/04/2003 09:00,893.5
21/04/2003 13:00,891.5
21/04/2003 17:00,894
22/04/2003 05:00,891.5
22/04/2003 09:00,889.5
22/04/2003 13:00,904.5
22/04/2003 17:00,911.5
23/04/2003 05:00,912.7
23/04/2003 09:00,912
23/04/2003 13:00,919.7
23/04/2003 17:00,919
24/04/2003 05:00,916
24/04/2003 09:00,913.2
24/04/2003 13:00,910.2
24/04/2003 17:00,910.7
25/04/2003 05:00,908.7
25/04/2003 09:00,911.2
25/04/2003 13:00,899.9
25/04/2003 17:00,899.2
28/04/2003 05:00,901.1
28/04/2003 09:00,902.6
28/04/2003 13:00,914.1
28/04/2003 17:00,914.6
29/04/2003 05:00,917.4
29/04/2003 09:00,917.6
29/04/2003 13:00,914.9
29/04/2003 17:00,917.9
30/04/2003 05:00,916.6
30/04/2003 09:00,915.1
30/04/2003 13:00,917.4
30/04/2003 17:00,916.9
01/05/2003 05:00,914.4
01/05/2003 09:00,913.9
01/05/2003 13:00,905.8
02/05/2003 05:00,916.8
02/05/2003 09:00,915.3
02/05/2003 13:00,926.1
02/05/2003 17:00,928.3
05/05/2003 05:00,932.5
05/05/2003 09:00,932.8
05/05/2003 13:00,929.8
05/05/2003 17:00,927.3
06/05/2003 05:00,928.3
06/05/2003 09:00,927.5
06/05/2003 13:00,936.5
06/05/2003 17:00,935
07/05/2003 05:00,932.5
07/05/2003 09:00,932.3
07/05/2003 13:00,934.3
07/05/2003 17:00,930.3
08/05/2003 05:00,927
08/05/2003 09:00,923.5
08/05/2003 13:00,921.7
08/05/2003 17:00,921.5
09/05/2003 05:00,921
09/05/2003 09:00,924.2
09/05/2003 13:00,932.7
09/05/2003 17:00,933.2
12/05/2003 05:00,932.4
12/05/2003 09:00,931.4
12/05/2003 13:00,944.4
12/05/2003 17:00,944.9
13/05/2003 05:00,941.2
13/05/2003 09:00,940.9
13/05/2003 13:00,946.7
13/05/2003 17:00,943.9
14/05/2003 05:00,943.6
14/05/2003 09:00,946.9
14/05/2003 13:00,939.1
14/05/2003 17:00,941.4
15/05/2003 05:00,938.9
15/05/2003 09:00,944.9
15/05/2003 13:00,942.6
15/05/2003 17:00,947.1
16/05/2003 05:00,947.4
16/05/2003 09:00,943.6
16/05/2003 13:00,944.9
16/05/2003 17:00,944.4
19/05/2003 05:00,936.3
19/05/2003 09:00,938.6
19/05/2003 13:00,924
19/05/2003 17:00,922.3
20/05/2003 05:00,922.8
20/05/2003 09:00,924.5
20/05/2003 13:00,923.5
20/05/2003 17:00,920
21/05/2003 05:00,918.3
21/05/2003 09:00,916.5
21/05/2003 13:00,923.3
21/05/2003 17:00,922.5
22/05/2003 05:00,925.3
22/05/2003 09:00,925.3
22/05/2003 13:00,931.3
22/05/2003 17:00,931.3
23/05/2003 05:00,931.5
23/05/2003 09:00,930.5
23/05/2003 13:00,934
23/05/2003 17:00,933
26/05/2003 05:00,934.4
26/05/2003 09:00,934.7
26/05/2003 13:00,935.4
27/05/2003 05:00,928.7
27/05/2003 09:00,927.7
27/05/2003 13:00,945.4
27/05/2003 17:00,949.7
28/05/2003 05:00,954.9
28/05/2003 09:00,953.9
28/05/2003 13:00,954.7
28/05/2003 17:00,952.1
29/05/2003 05:00,954.9
29/05/2003 09:00,955.4
29/05/2003 13:00,955.6
29/05/2003 17:00,949.4
30/05/2003 05:00,953.4
30/05/2003 09:00,953.4
30/05/2003 13:00,962.4
30/05/2003 17:00,965.4
02/06/2003 05:00,968.6
02/06/2003 09:00,971.3
02/06/2003 13:00,976.1
02/06/2003 17:00,968.8
03/06/2003 05:00,965.6
03/06/2003 09:00,967.8
03/06/2003 13:00,968.3
03/06/2003 17:00,972.5
04/06/2003 05:00,973
04/06/2003 09:00,972
04/06/2003 13:00,980.8
04/06/2003 17:00,986.8
05/06/2003 05:00,982.8
05/06/2003 09:00,980.8
05/06/2003 13:00,987.8
05/06/2003 17:00,991.5
06/06/2003 05:00,993.8
06/06/2003 09:00,999.3
06/06/2003 13:00,991.5
06/06/2003 17:00,988
09/06/2003 05:00,990
09/06/2003 09:00,981.7
09/06/2003 13:00,977.7
09/06/2003 17:00,977.7
10/06/2003 05:00,979.9
10/06/2003 09:00,980.9
10/06/2003 13:00,981.9
10/06/2003 17:00,987.2
11/06/2003 05:00,987.9
11/06/2003 09:00,986.7
11/06/2003 13:00,989.4
11/06/2003 17:00,997.4
12/06/2003 05:00,1002.9
12/06/2003 09:00,1003.4
12/06/2003 13:00,998.9
12/06/2003 17:00,1000.4
13/06/2003 05:00,998.9
13/06/2003 09:00,1001.4
13/06/2003 13:00,988.1
13/06/2003 17:00,989.9
16/06/2003 05:00,987.1
16/06/2003 09:00,993.6
16/06/2003 13:00,1003.8
16/06/2003 17:00,1010.8
17/06/2003 05:00,1011.3
17/06/2003 09:00,1016.1
17/06/2003 13:00,1012.8
17/06/2003 17:00,1011
18/06/2003 05:00,1010.5
18/06/2003 09:00,1008
18/06/2003 13:00,1011.8
18/06/2003 17:00,1009.3
19/06/2003 05:00,1010.5
19/06/2003 09:00,1011.8
19/06/2003 13:00,1000.3
19/06/2003 17:00,995.3
20/06/2003 05:00,996.5
20/06/2003 09:00,1001.3
20/06/2003 13:00,1000.5
20/06/2003 17:00,993
23/06/2003 05:00,992.4
23/06/2003 09:00,992.2
23/06/2003 13:00,979.9
23/06/2003 17:00,982.9
24/06/2003 05:00,981.9
24/06/2003 09:00,982.6
24/06/2003 13:00,984.6
24/06/2003 17:00,982.9
25/06/2003 05:00,984.6
25/06/2003 09:00,983.4
25/06/2003 13:00,990.6
25/06/2003 17:00,972.4
26/06/2003 05:00,977.4
26/06/2003 09:00,974.6
26/06/2003 13:00,981.9
26/06/2003 17:00,984.9
27/06/2003 05:00,984.8
27/06/2003 09:00,986.1
27/06/2003 13:00,985.6
27/06/2003 17:00,974.6
30/06/2003 05:00,979
30/06/2003 09:00,980
30/06/2003 13:00,978.3
30/06/2003 17:00,974.8
01/07/2003 01:00,974
01/07/2003 05:00,973.3
01/07/2003 09:00,969.5
01/07/2003 13:00,967.5
01/07/2003 17:00,983.3
01/07/2003 21:00,984
02/07/2003 01:00,984.8
02/07/2003 05:00,986.3
02/07/2003 09:00,984.5
02/07/2003 13:00,991
02/07/2003 17:00,995
02/07/2003 21:00,994.5
03/07/2003 01:00,994
03/07/2003 05:00,993
03/07/2003 09:00,986.5
03/07/2003 13:00,986
03/07/2003 17:00,983.7
06/07/2003 21:00,986.9
07/07/2003 01:00,988.4
07/07/2003 05:00,991.7
07/07/2003 09:00,993.7
07/07/2003 13:00,1002.9
07/07/2003 17:00,1004.2
07/07/2003 21:00,1003.4
08/07/2003 01:00,1003.4
08/07/2003 05:00,1005.2
08/07/2003 09:00,1000.9
08/07/2003 13:00,1004.7
08/07/2003 17:00,1008.2
08/07/2003 21:00,1007.6
09/07/2003 01:00,1007.1
09/07/2003 05:00,1005.4
09/07/2003 09:00,1005.9
09/07/2003 13:00,1001.4
09/07/2003 17:00,1000.1
09/07/2003 21:00,1000.1
10/07/2003 01:00,1000.6
10/07/2003 05:00,999.6
10/07/2003 09:00,995.6
10/07/2003 13:00,985.6
10/07/2003 17:00,989.8
10/07/2003 21:00,988.3
11/07/2003 01:00,987.6
11/07/2003 05:00,992.6
11/07/2003 09:00,991.6
11/07/2003 13:00,998.6
11/07/2003 17:00,999.3
13/07/2003 21:00,1000.8
14/07/2003 01:00,1003.5
14/07/2003 05:00,1002.5
14/07/2003 09:00,1007
14/07/2003 13:00,1012.5
14/07/2003 17:00,1004.5
14/07/2003 21:00,1004.5
15/07/2003 01:00,1005
15/07/2003 05:00,1006.3
15/07/2003 09:00,1011.5
15/07/2003 13:00,1001.5
15/07/2003 17:00,1006.8
15/07/2003 21:00,1004.8
16/07/2003 01:00,1004
16/07/2003 05:00,1005
16/07/2003 09:00,1005.8
16/07/2003 13:00,993
16/07/2003 17:00,994.5
16/07/2003 21:00,992.5
17/07/2003 01:00,990.7
17/07/2003 05:00,988
17/07/2003 09:00,987.7
17/07/2003 13:00,979.5
17/07/2003 17:00,982.5
17/07/2003 21:00,981.7
18/07/2003 01:00,981.2
18/07/2003 05:00,983.2
18/07/2003 09:00,984.7
18/07/2003 13:00,987.2
18/07/2003 17:00,991.9
20/07/2003 21:00,990.6
21/07/2003 01:00,991.4
21/07/2003 05:00,989.9
21/07/2003 09:00,990.4
21/07/2003 13:00,979.1
21/07/2003 17:00,979.4
21/07/2003 21:00,979.6
22/07/2003 01:00,979.9
22/07/2003 05:00,979.6
22/07/2003 09:00,982.6
22/07/2003 13:00,987.6
22/07/2003 17:00,988.9
22/07/2003 21:00,990.6
23/07/2003 01:00,990.4
23/07/2003 05:00,989.4
23/07/2003 09:00,990.6
23/07/2003 13:00,980.1
23/07/2003 17:00,988.9
23/07/2003 21:00,989.6
24/07/2003 01:00,990.8
24/07/2003 05:00,989.6
24/07/2003 09:00,995.6
24/07/2003 13:00,994.3
24/07/2003 17:00,979.8
24/07/2003 21:00,979.8
25/07/2003 01:00,981.3
25/07/2003 05:00,984.3
25/07/2003 09:00,982.8
25/07/2003 13:00,985.8
25/07/2003 17:00,998.1
27/07/2003 21:00,1001.3
28/07/2003 01:00,1000.3
28/07/2003 05:00,999.8
28/07/2003 09:00,1000.3
28/07/2003 13:00,995.5
28/07/2003 17:00,995
28/07/2003 21:00,995.3
29/07/2003 01:00,994.8
29/07/2003 05:00,997.3
29/07/2003 09:00,998
29/07/2003 13:00,994.5
29/07/2003 17:00,990.2
29/07/2003 21:00,989.7
30/07/2003 01:00,988.7
30/07/2003 05:00,991.5
30/07/2003 09:00,993.7
30/07/2003 13:00,989.5
30/07/2003 17:00,987.2
30/07/2003 21:00,988
31/07/2003 01:00,989.2
31/07/2003 05:00,989
31/07/2003 09:00,993.7
31/07/2003 13:00,1003.2
31/07/2003 17:00,989.7
31/07/2003 21:00,991.4
01/08/2003 01:00,990.9
01/08/2003 05:00,992.7
01/08/2003 09:00,986.9
01/08/2003 13:00,982.2
01/08/2003 17:00,980.4
03/08/2003 21:00,978.6
04/08/2003 01:00,978.4
04/08/2003 05:00,983.4
04/08/2003 09:00,979.9
04/08/2003 13:00,973.9
04/08/2003 17:00,981.6
04/08/2003 21:00,981.4
05/08/2003 01:00,982.1
05/08/2003 05:00,980.6
05/08/2003 09:00,982.4
05/08/2003 13:00,977.1
05/08/2003 17:00,959.8
05/08/2003 21:00,960.6
06/08/2003 01:00,961.6
06/08/2003 05:00,962.3
06/08/2003 09:00,963.3
06/08/2003 13:00,968.1
06/08/2003 17:00,965.6
06/08/2003 21:00,965.6
07/08/2003 01:00,964.8
07/08/2003 05:00,964.3
07/08/2003 09:00,964.8
07/08/2003 13:00,971
07/08/2003 17:00,975
07/08/2003 21:00,974.5
08/08/2003 01:00,974.5
08/08/2003 05:00,975.5
08/08/2003 09:00,978.5
08/08/2003 13:00,976.3
08/08/2003 17:00,978.5
10/08/2003 21:00,978
11/08/2003 01:00,979
11/08/2003 05:00,980.5
11/08/2003 09:00,978.2
11/08/2003 13:00,976.2
11/08/2003 17:00,982
11/08/2003 21:00,983
12/08/2003 01:00,982.7
12/08/2003 05:00,982.5
12/08/2003 09:00,983
12/08/2003 13:00,982.2
12/08/2003 17:00,990.5
12/08/2003 21:00,989.7
13/08/2003 01:00,991
13/08/2003 05:00,990
13/08/2003 09:00,993.2
13/08/2003 13:00,986
13/08/2003 17:00,984.7
13/08/2003 21:00,984.9
14/08/2003 01:00,985.7
14/08/2003 05:00,986.4
14/08/2003 09:00,985.7
14/08/2003 13:00,988.2
14/08/2003 17:00,982.9
14/08/2003 21:00,986.2
15/08/2003 01:00,987.7
15/08/2003 05:00,991.9
15/08/2003 09:00,988.9
15/08/2003 13:00,987.7
15/08/2003 17:00,991.2
17/08/2003 21:00,992.1
18/08/2003 01:00,991.9
18/08/2003 05:00,992.1
18/08/2003 09:00,994.6
18/08/2003 13:00,998.4
18/08/2003 17:00,999.9
18/08/2003 21:00,1000.6
19/08/2003 01:00,999.9
19/08/2003 05:00,1000.6
19/08/2003 09:00,1002.4
19/08/2003 13:00,999.1
19/08/2003 17:00,1001.8
19/08/2003 21:00,1001.8
20/08/2003 01:00,1001.3
20/08/2003 05:00,1002.6
20/08/2003 09:00,998.6
20/08/2003 13:00,1001.3
20/08/2003 17:00,999.6
20/08/2003 21:00,999.8
21/08/2003 01:00,1000.6
21/08/2003 05:00,1001.8
21/08/2003 09:00,1005.1
21/08/2003 13:00,1002.3
21/08/2003 17:00,1003.3
21/08/2003 21:00,1002.3
22/08/2003 01:00,1000.5
22/08/2003 05:00,1001.8
22/08/2003 09:00,1010.3
22/08/2003 13:00,999.5
22/08/2003 17:00,993
24/08/2003 21:00,993.2
25/08/2003 01:00,993.2
25/08/2003 05:00,991.5
25/08/2003 09:00,992.2
25/08/2003 13:00,993
25/08/2003 17:00,994.2
25/08/2003 21:00,993.2
26/08/2003 01:00,993
26/08/2003 05:00,994.5
26/08/2003 09:00,990.5
26/08/2003 13:00,985.2
26/08/2003 17:00,996.2
26/08/2003 21:00,996.2
27/08/2003 01:00,996
27/08/2003 05:00,994.7
27/08/2003 09:00,995.2
27/08/2003 13:00,996.4
27/08/2003 17:00,995.7
27/08/2003 21:00,995.4
28/08/2003 01:00,995.2
28/08/2003 05:00,996.9
28/08/2003 09:00,998.2
28/08/2003 13:00,998.2
28/08/2003 17:00,1001.2
28/08/2003 21:00,1002.4
29/08/2003 01:00,1003.7
29/08/2003 05:00,1002.9
29/08/2003 09:00,1000.1
29/08/2003 13:00,1001.6
29/08/2003 17:00,1008.4
31/08/2003 21:00,1007.9
01/09/2003 01:00,1007.4
02/09/2003 05:00,1011.6
02/09/2003 09:00,1011.8
02/09/2003 13:00,1013.8
02/09/2003 17:00,1022.6
02/09/2003 21:00,1023.3
03/09/2003 01:00,1021.6
03/09/2003 05:00,1024.1
03/09/2003 09:00,1025.3
03/09/2003 13:00,1027.1
03/09/2003 17:00,1027.1
03/09/2003 21:00,1026.1
04/09/2003 01:00,1025.8
04/09/2003 05:00,1026
04/09/2003 09:00,1024.8
04/09/2003 13:00,1026.8
04/09/2003 17:00,1029.3
04/09/2003 21:00,1028.8
05/09/2003 01:00,1027.8
05/09/2003 05:00,1026.3
05/09/2003 09:00,1023.8
05/09/2003 13:00,1025
05/09/2003 17:00,1023
07/09/2003 21:00,1021.5
08/09/2003 01:00,1023
08/09/2003 05:00,1024.5
08/09/2003 09:00,1023.5
08/09/2003 13:00,1029
08/09/2003 17:00,1031.2
08/09/2003 21:00,1032
09/09/2003 01:00,1031.5
09/09/2003 05:00,1031
09/09/2003 09:00,1029.2
09/09/2003 13:00,1026.5
09/09/2003 17:00,1022.9
09/09/2003 21:00,1023.4
10/09/2003 01:00,1024.2
10/09/2003 05:00,1022.9
10/09/2003 09:00,1020.7
10/09/2003 13:00,1018.9
10/09/2003 17:00,1013.2
10/09/2003 21:00,1012.4
11/09/2003 01:00,1011.7
11/09/2003 05:00,1015.7
11/09/2003 09:00,1013.7
11/09/2003 13:00,1018.6
11/09/2003 17:00,1017.1
11/09/2003 21:00,1016.6
12/09/2003 01:00,1016.6
12/09/2003 05:00,1017.6
12/09/2003 09:00,1014.1
12/09/2003 13:00,1011.6
12/09/2003 17:00,1019.1
14/09/2003 21:00,1019.1
15/09/2003 01:00,1019.3
15/09/2003 05:00,1018.6
15/09/2003 09:00,1019.1
15/09/2003 13:00,1015.6
15/09/2003 17:00,1014.6
15/09/2003 21:00,1014.3
16/09/2003 01:00,1015.1
16/09/2003 05:00,1016.1
16/09/2003 09:00,1016.1
16/09/2003 13:00,1021.3
16/09/2003 17:00,1028.8
16/09/2003 21:00,1029.5
17/09/2003 01:00,1029.3
17/09/2003 05:00,1029.8
17/09/2003 09:00,1028.5
17/09/2003 13:00,1030.5
17/09/2003 17:00,1026.8
17/09/2003 21:00,1027
18/09/2003 01:00,1026.8
18/09/2003 05:00,1028.8
18/09/2003 09:00,1028.5
18/09/2003 13:00,1036
18/09/2003 17:00,1040
18/09/2003 21:00,1040.5
19/09/2003 01:00,1039.8
19/09/2003 05:00,1038.5
19/09/2003 09:00,1040.3
19/09/2003 13:00,1034.7
19/09/2003 17:00,1034.7
21/09/2003 21:00,1030.7
22/09/2003 01:00,1029.4
22/09/2003 05:00,1026.9
22/09/2003 09:00,1026.7
22/09/2003 13:00,1021.9
22/09/2003 17:00,1023.1
22/09/2003 21:00,1024.4
23/09/2003 01:00,1023.9
23/09/2003 05:00,1021.4
23/09/2003 09:00,1024.1
23/09/2003 13:00,1024.1
23/09/2003 17:00,1027.9
23/09/2003 21:00,1027.4
24/09/2003 01:00,1027.4
24/09/2003 05:00,1027.9
24/09/2003 09:00,1028.9
24/09/2003 13:00,1014.1
24/09/2003 17:00,1008.1
24/09/2003 21:00,1009.3
25/09/2003 01:00,1010.1
25/09/2003 05:00,1011.8
25/09/2003 09:00,1012.3
25/09/2003 13:00,1013.6
25/09/2003 17:00,997.8
25/09/2003 21:00,1000.5
26/09/2003 01:00,1000.5
26/09/2003 05:00,1002
26/09/2003 09:00,1000.3
26/09/2003 13:00,1000.3
26/09/2003 17:00,996.8
28/09/2003 21:00,996.2
29/09/2003 01:00,995.2
29/09/2003 05:00,999.2
29/09/2003 09:00,1000
29/09/2003 13:00,1004.5
29/09/2003 17:00,1005.5
29/09/2003 21:00,1005.7
30/09/2003 01:00,1006.2
30/09/2003 05:00,1003.2
30/09/2003 09:00,1002.2
30/09/2003 13:00,997.2
30/09/2003 17:00,996.2
30/09/2003 21:00,997.7
01/10/2003 01:00,998.7
01/10/2003 05:00,998.4
01/10/2003 09:00,999.7
01/10/2003 13:00,1009.2
01/10/2003 17:00,1017.4
01/10/2003 21:00,1017.2
02/10/2003 01:00,1017.4
02/10/2003 05:00,1016.2
02/10/2003 09:00,1017.4
02/10/2003 13:00,1017.4
02/10/2003 17:00,1021.4
02/10/2003 21:00,1021.2
03/10/2003 01:00,1020.7
03/10/2003 05:00,1020.2
03/10/2003 09:00,1034.4
03/10/2003 13:00,1038.7
03/10/2003 17:00,1030.2
05/10/2003 21:00,1028.6
06/10/2003 01:00,1029.1
06/10/2003 05:00,1031.1
06/10/2003 09:00,1031.6
06/10/2003 13:00,1034.1
06/10/2003 17:00,1036.4
06/10/2003 21:00,1035.6
07/10/2003 01:00,1034.8
07/10/2003 05:00,1031.3
07/10/2003 09:00,1029.3
07/10/2003 13:00,1031.8
07/10/2003 17:00,1039.1
07/10/2003 21:00,1037.8
08/10/2003 01:00,1037.6
08/10/2003 05:00,1038.6
08/10/2003 09:00,1039.8
08/10/2003 13:00,1035.8
08/10/2003 17:00,1035.6
08/10/2003 21:00,1036.8
09/10/2003 01:00,1036.8
09/10/2003 05:00,1036.8
09/10/2003 09:00,1044.1
09/10/2003 13:00,1046.1
09/10/2003 17:00,1039
09/10/2003 21:00,1039
10/10/2003 01:00,1040
10/10/2003 05:00,1042
10/10/2003 09:00,1039.5
10/10/2003 13:00,1037.8
10/10/2003 17:00,1042.5
12/10/2003 21:00,1042
13/10/2003 01:00,1042.5
13/10/2003 05:00,1045.7
13/10/2003 09:00,1045.5
13/10/2003 13:00,1046
13/10/2003 17:00,1045.7
13/10/2003 21:00,1047.5
14/10/2003 01:00,1048.2
14/10/2003 05:00,1046
14/10/2003 09:00,1046.5
14/10/2003 13:00,1043.2
14/10/2003 17:00,1049.7
14/10/2003 21:00,1050.5
15/10/2003 01:00,1050
15/10/2003 05:00,1050.5
15/10/2003 09:00,1055.2
15/10/2003 13:00,1049.9
15/10/2003 17:00,1044.7
15/10/2003 21:00,1044.2
16/10/2003 01:00,1045.4
16/10/2003 05:00,1047.2
16/10/2003 09:00,1043.9
16/10/2003 13:00,1052.7
16/10/2003 17:00,1049.2
16/10/2003 21:00,1049.2
17/10/2003 01:00,1049.7
17/10/2003 05:00,1048.2
17/10/2003 09:00,1050.2
17/10/2003 13:00,1042.9
17/10/2003 17:00,1039.1
19/10/2003 21:00,1038.6
20/10/2003 01:00,1040.1
20/10/2003 05:00,1040.8
20/10/2003 09:00,1041.1
20/10/2003 13:00,1040.8
20/10/2003 17:00,1049.6
20/10/2003 21:00,1048.8
21/10/2003 01:00,1048.3
21/10/2003 05:00,1048.3
21/10/2003 09:00,1045.3
21/10/2003 13:00,1047.8
21/10/2003 17:00,1045.3
21/10/2003 21:00,1042.8
22/10/2003 01:00,1042.5
22/10/2003 05:00,1042.5
22/10/2003 09:00,1038.5
22/10/2003 13:00,1032
22/10/2003 17:00,1031
22/10/2003 21:00,1028
23/10/2003 01:00,1025.5
23/10/2003 05:00,1024.5
23/10/2003 09:00,1024.7
23/10/2003 13:00,1031
23/10/2003 17:00,1026.7
23/10/2003 21:00,1024
24/10/2003 01:00,1023
24/10/2003 05:00,1027
24/10/2003 09:00,1025
24/10/2003 13:00,1019
24/10/2003 17:00,1031
26/10/2003 22:00,1030.2
27/10/2003 02:00,1029.9
27/10/2003 06:00,1030.9
27/10/2003 10:00,1034.4
27/10/2003 14:00,1032.2
27/10/2003 18:00,1031.9
27/10/2003 22:00,1032.4
28/10/2003 02:00,1033.6
28/10/2003 06:00,1034.4
28/10/2003 10:00,1035.9
28/10/2003 14:00,1036.4
28/10/2003 18:00,1044.4
28/10/2003 22:00,1043.9
29/10/2003 02:00,1044.4
29/10/2003 06:00,1042.4
29/10/2003 10:00,1042.9
29/10/2003 14:00,1046.1
29/10/2003 18:00,1045.4
29/10/2003 22:00,1047.9
30/10/2003 02:00,1047.6
30/10/2003 06:00,1045.9
30/10/2003 10:00,1053.9
30/10/2003 14:00,1051.4
30/10/2003 18:00,1049.6
30/10/2003 22:00,1048.8
31/10/2003 02:00,1048.6
31/10/2003 06:00,1048.1
31/10/2003 10:00,1050.1
31/10/2003 14:00,1050.6
31/10/2003 18:00,1048.8
02/11/2003 22:00,1048
03/11/2003 02:00,1049.5
03/11/2003 06:00,1052.3
03/11/2003 10:00,1053.3
03/11/2003 14:00,1060
03/11/2003 18:00,1055.5
03/11/2003 22:00,1055.8
04/11/2003 02:00,1054.8
04/11/2003 06:00,1056.5
04/11/2003 10:00,1055.8
04/11/2003 14:00,1053
04/11/2003 18:00,1053
04/11/2003 22:00,1051.7
05/11/2003 02:00,1052.2
05/11/2003 06:00,1050.7
05/11/2003 10:00,1051
05/11/2003 14:00,1047.5
05/11/2003 18:00,1053.7
05/11/2003 22:00,1054.7
06/11/2003 02:00,1052.7
06/11/2003 06:00,1049.7
06/11/2003 10:00,1052.2
06/11/2003 14:00,1051.7
06/11/2003 18:00,1059.2
06/11/2003 22:00,1059.2
07/11/2003 02:00,1060.5
07/11/2003 06:00,1060.5
07/11/2003 10:00,1062.9
07/11/2003 14:00,1056.9
07/11/2003 18:00,1051.7
09/11/2003 22:00,1050.9
10/11/2003 02:00,1049.9
10/11/2003 06:00,1054.4
10/11/2003 10:00,1052.1
10/11/2003 14:00,1048.9
10/11/2003 18:00,1047.1
10/11/2003 22:00,1045.8
11/11/2003 02:00,1043.3
11/11/2003 06:00,1044.6
11/11/2003 10:00,1045.6
11/11/2003 14:00,1046.6
11/11/2003 18:00,1046.1
11/11/2003 22:00,1047.6
12/11/2003 02:00,1046.3
12/11/2003 06:00,1046.6
12/11/2003 10:00,1047.6
12/11/2003 14:00,1052.8
12/11/2003 18:00,1059.6
12/11/2003 22:00,1058.3
13/11/2003 02:00,1058.6
13/11/2003 06:00,1059.6
13/11/2003 10:00,1055.3
13/11/2003 14:00,1057.3
13/11/2003 18:00,1058.3
13/11/2003 22:00,1057.8
14/11/2003 02:00,1057.8
14/11/2003 06:00,1059.5
14/11/2003 10:00,1058.5
14/11/2003 14:00,1058.5
14/11/2003 18:00,1049.5
16/11/2003 22:00,1044.7
17/11/2003 02:00,1045.2
17/11/2003 06:00,1043.2
17/11/2003 10:00,1043.2
17/11/2003 14:00,1039.5
17/11/2003 18:00,1044.7
17/11/2003 22:00,1044
18/11/2003 02:00,1045.2
18/11/2003 06:00,1044.2
18/11/2003 10:00,1046.4
18/11/2003 14:00,1043.7
18/11/2003 18:00,1033.4
18/11/2003 22:00,1031.7
19/11/2003 02:00,1032.4
19/11/2003 06:00,1034.4
19/11/2003 10:00,1035.7
19/11/2003 14:00,1039.4
19/11/2003 18:00,1042.7
19/11/2003 22:00,1043.7
20/11/2003 02:00,1043.2
20/11/2003 06:00,1035.6
20/11/2003 10:00,1038.1
20/11/2003 14:00,1044.9
20/11/2003 18:00,1033.1
20/11/2003 22:00,1032.6
21/11/2003 02:00,1034.9
21/11/2003 06:00,1036.4
21/11/2003 10:00,1035.9
21/11/2003 14:00,1035.6
21/11/2003 18:00,1037.4
23/11/2003 22:00,1037.1
24/11/2003 02:00,1036.8
24/11/2003 06:00,1041.3
24/11/2003 10:00,1042
24/11/2003 14:00,1047.8
24/11/2003 18:00,1050
24/11/2003 22:00,1050
25/11/2003 02:00,1051
25/11/2003 06:00,1049.5
25/11/2003 10:00,1051.5
25/11/2003 14:00,1052.8
25/11/2003 18:00,1053.5
25/11/2003 22:00,1054.8
26/11/2003 02:00,1055
26/11/2003 06:00,1057
26/11/2003 10:00,1058
26/11/2003 14:00,1055.5
26/11/2003 18:00,1057.3
26/11/2003 22:00,1057.3
27/11/2003 02:00,1057.5
28/11/2003 06:00,1056.2
28/11/2003 10:00,1055.5
28/11/2003 14:00,1059.2
28/11/2003 18:00,1059.5
30/11/2003 22:00,1057.9
01/12/2003 02:00,1062.2
01/12/2003 06:00,1062.4
01/12/2003 10:00,1062.2
01/12/2003 14:00,1068.2
01/12/2003 18:00,1069.2
01/12/2003 22:00,1069.2
02/12/2003 02:00,1069.1
02/12/2003 06:00,1068.6
02/12/2003 10:00,1067.4
02/12/2003 14:00,1068.6
02/12/2003 18:00,1066.9
02/12/2003 22:00,1066.6
03/12/2003 02:00,1067.1
03/12/2003 06:00,1067.9
03/12/2003 10:00,1070.9
03/12/2003 14:00,1072.9
03/12/2003 18:00,1065.3
03/12/2003 22:00,1065.8
04/12/2003 02:00,1066.3
04/12/2003 06:00,1068.6
04/12/2003 10:00,1066.1
04/12/2003 14:00,1067.6
04/12/2003 18:00,1067.3
04/12/2003 22:00,1067.3
05/12/2003 02:00,1067.3
05/12/2003 06:00,1067.3
05/12/2003 10:00,1064.1
05/12/2003 14:00,1066.6
05/12/2003 18:00,1062.1
07/12/2003 22:00,1061.8
08/12/2003 02:00,1059.8
08/12/2003 06:00,1059.3
08/12/2003 10:00,1060
08/12/2003 14:00,1062.2
08/12/2003 18:00,1069.7
08/12/2003 22:00,1070
09/12/2003 02:00,1070.7
09/12/2003 06:00,1072
09/12/2003 10:00,1072.2
09/12/2003 14:00,1067.5
09/12/2003 18:00,1060.7
09/12/2003 22:00,1059.7
10/12/2003 02:00,1059.2
10/12/2003 06:00,1061
10/12/2003 10:00,1060.7
10/12/2003 14:00,1060.2
10/12/2003 18:00,1060.7
10/12/2003 22:00,1060.7
11/12/2003 02:00,1061.4
11/12/2003 06:00,1061.4
11/12/2003 10:00,1059.7
11/12/2003 14:00,1067.4
11/12/2003 18:00,1072.7
11/12/2003 22:00,1072.9
12/12/2003 02:00,1073.2
12/12/2003 06:00,1072.4
12/12/2003 10:00,1073.9
12/12/2003 14:00,1070.7
12/12/2003 18:00,1074.4
14/12/2003 22:00,1088.1
15/12/2003 02:00,1089.8
15/12/2003 06:00,1086.3
15/12/2003 10:00,1086.1
15/12/2003 14:00,1078.1
15/12/2003 18:00,1068.3
15/12/2003 22:00,1067.6
16/12/2003 02:00,1068.1
16/12/2003 06:00,1071.3
16/12/2003 10:00,1068.8
16/12/2003 14:00,1071.1
16/12/2003 18:00,1074.6
16/12/2003 22:00,1074.8
17/12/2003 02:00,1074.3
17/12/2003 06:00,1072.8
17/12/2003 10:00,1074
17/12/2003 14:00,1072
17/12/2003 18:00,1077.5
17/12/2003 22:00,1078.3
18/12/2003 02:00,1078
18/12/2003 06:00,1078.8
18/12/2003 10:00,1078.5
18/12/2003 14:00,1083.8
18/12/2003 18:00,1090
18/12/2003 22:00,1089.5
19/12/2003 02:00,1089.5
19/12/2003 06:00,1089.3
19/12/2003 10:00,1092
19/12/2003 14:00,1086.7
19/12/2003 18:00,1088.2
21/12/2003 22:00,1083.9
22/12/2003 02:00,1084.7
22/12/2003 06:00,1088.7
22/12/2003 10:00,1086.7
22/12/2003 14:00,1089.2
22/12/2003 18:00,1095.4
22/12/2003 22:00,1095.4
23/12/2003 02:00,1094.9
23/12/2003 06:00,1094.1
23/12/2003 10:00,1094.6
23/12/2003 14:00,1096.6
23/12/2003 18:00,1094.4
23/12/2003 22:00,1093.4
24/12/2003 02:00,1093.4
24/12/2003 06:00,1095.6
24/12/2003 10:00,1094.1
24/12/2003 14:00,1095.3
24/12/2003 18:00,1095.6
26/12/2003 10:00,1097.5
26/12/2003 14:00,1097
26/12/2003 18:00,1096.3
28/12/2003 22:00,1096.2
29/12/2003 02:00,1096.7
29/12/2003 06:00,1099.2
29/12/2003 10:00,1099.2
29/12/2003 14:00,1103
29/12/2003 18:00,1109.7
29/12/2003 22:00,1110.5
30/12/2003 02:00,1110.7
30/12/2003 06:00,1109.2
30/12/2003 10:00,1110.2
30/12/2003 14:00,1109.2
30/12/2003 18:00,1110.2
30/12/2003 22:00,1111.2
